employee_id,age,department,salary,years_experience,performance_score,hours_worked_per_week,education_level,satisfaction_score,attrition
1001,50.0,Operations,56209.71467998554,20.0,9.2,35.26002006906639,Bachelor,,1
1002,36.0,Finance,65881.26794551304,4.0,4.1,45.22552968608417,Bachelor,5.6,0
1003,29.0,Engineering,57166.54968323287,5.0,5.1,43.618614519073134,PhD,7.5,1
1004,42.0,Finance,68296.09914660719,21.0,7.1,46.33671939840299,Bachelor,4.2,0
1005,40.0,Finance,59494.70209636926,,5.9,,Bachelor,3.9,0
1006,44.0,Operations,45744.77725347398,13.0,4.1,50.782176167773066,Bachelor,,0
1007,32.0,HR,46941.41075607366,9.0,4.9,,Master,8.9,0
1008,32.0,Sales,45235.914370612445,,8.2,47.446125989244536,High School,1.4,1
1009,45.0,Engineering,74563.51097901464,30.0,3.5,35.62448591634381,High School,8.2,0
1010,57.0,Operations,50738.30081311353,29.0,2.3,63.185151886027896,Bachelor,4.3,0
1011,45.0,HR,,,3.8,,,8.7,0
1012,24.0,Sales,65952.57998773208,,8.6,65.07385821258917,PhD,8.2,0
1013,43.0,Sales,82717.76343884371,5.0,1.8,48.62081581060837,PhD,4.1,1
1014,23.0,Operations,71596.2478376629,28.0,9.9,37.50828514505053,Master,7.2,0
1015,45.0,Marketing,50950.146521674316,7.0,5.9,48.635046348713566,Master,2.4,0
1016,51.0,Engineering,36197.82426607366,32.0,9.9,49.20462254554573,Master,9.1,1
1017,59.0,Sales,57985.97844963734,,,44.9865931559821,Bachelor,4.6,0
1018,23.0,Operations,57611.64182854935,10.0,5.1,47.04313977625645,Master,5.1,0
1019,42.0,Operations,45462.00584529351,12.0,2.8,48.0938170352614,Bachelor,7.4,0
1020,54.0,HR,,10.0,2.5,34.05055191387407,,8.4,0
1021,33.0,Marketing,87699.39751245709,30.0,3.2,33.481132762160385,Master,3.1,0
1022,43.0,Engineering,63334.24076187426,27.0,7.4,35.64626401108453,,7.0,0
1023,46.0,Finance,62407.143104982686,5.0,3.5,43.020339154964084,Master,4.5,0
1024,48.0,HR,45941.57926749266,15.0,4.1,40.21463062821264,Bachelor,4.3,1
1025,49.0,Sales,80961.22054590558,3.0,5.0,34.19543547261641,Master,7.2,0
1026,37.0,Sales,58872.837497849745,34.0,9.2,48.202513684157175,High School,4.5,0
1027,36.0,HR,51315.551172087435,25.0,2.7,44.26435856109184,Master,4.1,0
1028,24.0,Operations,,11.0,1.0,43.35143193096683,Master,8.5,1
1029,58.0,Sales,67079.41999869913,10.0,1.5,39.93608555860852,Bachelor,1.9,0
1030,28.0,Marketing,62088.23112967355,24.0,9.1,38.97417518107542,Bachelor,7.1,0
1031,42.0,Engineering,78092.30093505888,17.0,6.8,35.26935070552819,High School,3.2,0
1032,30.0,Marketing,65759.57328820294,18.0,3.5,49.4699223402987,Bachelor,1.1,0
1033,39.0,Sales,55740.87283676198,22.0,2.6,,Master,2.5,1
1034,25.0,Finance,,17.0,3.6,43.675123733542534,PhD,,0
1035,46.0,Engineering,67494.55651688937,,2.0,55.29608317017627,Bachelor,7.4,0
1036,35.0,Engineering,40554.36121104237,,9.5,39.3419380424852,Master,1.2,0
1037,30.0,HR,,,8.1,49.68561712575355,Master,1.3,0
1038,47.0,HR,55486.439709579616,28.0,5.2,46.54967212828539,Bachelor,9.1,1
1039,23.0,Finance,55870.15164741855,,8.8,44.491740506088426,Master,1.7,0
1040,41.0,Operations,71270.63980613918,16.0,3.2,45.442787535238025,Master,9.0,0
1041,49.0,Engineering,71207.47836389372,15.0,7.5,,Bachelor,3.1,0
1042,28.0,Finance,49487.524817008714,1.0,8.7,42.278207750347526,Bachelor,7.7,0
1043,29.0,HR,,33.0,4.2,37.615088414194204,High School,3.8,0
1044,56.0,HR,,7.0,7.8,42.33165696907271,PhD,8.7,0
1045,35.0,Engineering,87293.59570047984,,3.7,37.318192033732025,PhD,7.3,0
1046,38.0,Marketing,47577.090281013545,7.0,3.7,50.04524074461278,Master,4.6,0
1047,57.0,Sales,63592.16192558845,29.0,2.0,28.40402057057245,High School,1.7,0
1048,25.0,HR,48269.73544638589,31.0,5.0,,Bachelor,7.6,0
1049,23.0,Operations,93340.43443702612,29.0,7.6,44.69269361137824,Bachelor,,1
1050,27.0,Operations,41432.68583869326,0.0,9.5,43.96812771340827,High School,1.0,1
1051,25.0,HR,67865.44120879367,16.0,6.4,50.195991590923896,Master,1.1,0
1052,50.0,Marketing,48976.343782833006,19.0,8.8,39.71101127965642,PhD,8.3,0
1053,39.0,Marketing,54688.385378280196,23.0,8.4,44.0434707565764,PhD,3.3,0
1054,47.0,Finance,,21.0,2.6,28.26766489450838,Master,,1
1055,55.0,Operations,78368.76656439215,28.0,5.4,38.67746494291821,,5.1,1
1056,31.0,Finance,84350.94843448568,21.0,2.1,48.84589144940179,Bachelor,8.8,1
1057,57.0,Operations,36945.78059960519,8.0,7.1,31.286706115708146,Bachelor,9.3,1
1058,35.0,Sales,64016.26836546693,9.0,9.5,43.27794693640596,Master,10.0,0
1059,52.0,Sales,81892.40405075283,27.0,2.2,36.57986342492962,Master,2.4,1
1060,36.0,Engineering,,27.0,7.6,41.11210422582612,Bachelor,8.8,0
1061,29.0,Finance,64715.75241082271,20.0,6.7,37.058580089907224,Bachelor,3.4,0
1062,35.0,HR,59968.74303869724,23.0,6.3,,High School,6.3,0
1063,44.0,Finance,66218.12721569682,1.0,4.5,45.08802651967841,Bachelor,5.6,1
1064,42.0,HR,456530.31256457535,7.0,4.2,41.603225903802034,Bachelor,1.2,1
1065,37.0,Marketing,38465.7175767984,26.0,1.4,46.90103295749759,Bachelor,9.4,0
1066,39.0,Finance,31303.403622314625,,3.0,48.35550326399089,Bachelor,1.7,0
1067,45.0,Marketing,74645.75930193154,26.0,1.1,51.80206989671212,Master,7.2,1
1068,47.0,Sales,76560.73704725031,,6.2,43.067893963541316,,8.1,0
1069,46.0,Sales,64540.28023493979,2.0,2.0,52.14896819682566,High School,8.2,0
1070,50.0,Engineering,51987.77475467855,12.0,8.9,34.193803940872364,Bachelor,2.2,0
1071,36.0,Finance,35654.31159801382,9.0,5.7,49.27167863382505,Bachelor,5.0,0
1072,22.0,Marketing,68450.18193757535,8.0,7.3,45.67512333062283,Bachelor,8.5,0
1073,46.0,HR,43488.310757449726,26.0,4.7,43.8647412201183,Bachelor,3.7,0
1074,28.0,Sales,49330.520628591934,33.0,6.0,45.55785787330494,Bachelor,5.2,1
1075,30.0,Sales,51201.53880655922,0.0,9.5,34.3140889733163,Bachelor,3.5,0
1076,45.0,HR,57036.97161454548,31.0,1.7,32.42602552059982,Master,5.2,1
1077,22.0,Marketing,48614.39329187028,24.0,3.3,55.678625488615985,Bachelor,9.0,0
1078,29.0,Marketing,,28.0,8.0,40.65022257442184,Master,5.1,0
1079,45.0,Finance,50672.72549240413,6.0,1.9,40.5360526255464,Bachelor,6.0,0
1080,32.0,Finance,70520.59597258834,,1.7,33.18152420606967,High School,4.6,0
1081,38.0,Operations,75465.9437098208,19.0,4.3,30.145773556025304,Bachelor,5.1,1
1082,29.0,Operations,61628.14014042658,19.0,1.8,41.293448969501746,Bachelor,1.1,0
1083,56.0,Engineering,66939.39503071654,29.0,6.3,39.26729662793018,PhD,3.6,0
1084,56.0,Sales,91767.83924438835,34.0,3.0,42.013874853939605,Master,4.9,0
1085,54.0,Finance,42410.95114708026,34.0,9.1,42.6972315230574,PhD,6.7,1
1086,26.0,Marketing,41497.97848079841,,8.1,61.91568865008555,PhD,5.1,0
1087,49.0,HR,70424.96851165312,25.0,7.3,39.29136015408836,Master,4.0,0
1088,28.0,Marketing,89198.14256272148,13.0,6.6,,Bachelor,,0
1089,30.0,Sales,56092.52157091916,16.0,,55.13619372035956,Bachelor,,1
1090,29.0,Operations,85902.5076332814,17.0,3.0,48.02899428217587,,9.3,0
1091,33.0,Marketing,61446.50578190235,,,40.118989339607104,Master,5.7,0
1092,55.0,Engineering,49786.69076941378,19.0,8.1,,Bachelor,1.1,0
1093,54.0,Sales,45139.61417043445,,7.7,45.82355101867125,Master,1.2,0
1094,44.0,Operations,69441.20377330181,17.0,6.1,50.15049663760755,,,0
1095,45.0,HR,448920.73580067605,3.0,3.2,55.981499714263876,Bachelor,3.0,0
1096,58.0,Operations,61219.15264150542,0.0,4.8,34.40033636602575,Bachelor,8.3,0
1097,56.0,Engineering,83751.9753807614,0.0,8.1,40.05178888651786,Master,1.5,0
1098,43.0,Sales,55398.29410692945,25.0,1.3,34.44908327661722,Master,9.3,0
1099,48.0,HR,79710.14211965849,19.0,8.0,36.93217606050462,Bachelor,8.9,0
1100,56.0,Engineering,41781.8476541039,,3.2,,High School,6.1,1
1101,22.0,Operations,51991.363480248,,2.3,36.565561845074114,Bachelor,1.1,1
1102,56.0,Engineering,,10.0,2.0,35.405830581463924,Master,,0
1103,58.0,Sales,61094.95133960036,4.0,1.2,48.3759669097782,Bachelor,4.7,1
1104,35.0,Finance,,0.0,5.7,45.60591032034837,Bachelor,5.1,0
1105,24.0,Engineering,61127.80631409279,16.0,3.0,44.800089583481395,Bachelor,3.7,1
1106,22.0,Engineering,78405.75089955228,,9.9,36.776901134407474,Bachelor,1.3,0
1107,26.0,Operations,48762.311390563045,33.0,6.2,52.344186225717614,Bachelor,6.3,0
1108,47.0,Operations,63380.14130533601,28.0,2.2,42.11592157855833,,5.7,0
1109,35.0,HR,,3.0,7.2,61.041521110038154,High School,3.5,1
1110,48.0,Operations,65425.14878135483,4.0,9.1,43.28932935576036,Master,1.3,0
1111,30.0,Marketing,67556.04069318638,10.0,7.7,23.333217265222718,Bachelor,10.0,0
1112,36.0,Sales,68735.93939976094,20.0,1.7,22.97699572178505,Bachelor,5.3,0
1113,36.0,Sales,43941.08492646597,34.0,9.1,46.99159953476375,Bachelor,7.8,0
1114,47.0,Finance,46653.80847320147,11.0,8.1,52.40395321864644,Master,5.1,0
1115,34.0,Finance,49435.684377132166,25.0,2.4,,PhD,1.4,0
1116,53.0,Sales,56416.78878200104,18.0,1.5,58.80783018221721,PhD,3.8,0
1117,53.0,Finance,61307.79606309645,6.0,6.0,55.30399149595283,Bachelor,3.9,1
1118,25.0,HR,,6.0,,43.68437410752918,Bachelor,8.5,0
1119,51.0,Operations,47278.51950991152,25.0,8.5,46.315631538849054,Master,6.9,0
1120,58.0,Sales,35984.710534473714,4.0,4.2,49.15624173910813,,3.5,0
1121,44.0,Finance,92336.14744810185,20.0,9.2,57.11995917856412,Bachelor,9.7,0
1122,36.0,Sales,43028.20469021355,,6.1,47.45708773396465,Master,3.9,1
1123,50.0,Marketing,72544.85584493328,3.0,2.6,43.50345321816919,Bachelor,10.0,1
1124,57.0,Engineering,60469.00315873012,22.0,2.3,47.37840958069319,Bachelor,,0
1125,34.0,Operations,63769.58461209571,,6.2,46.29888225159381,Bachelor,,1
1126,53.0,Sales,59976.742412461455,,7.9,,Bachelor,3.8,1
1127,28.0,Engineering,54227.371770793114,28.0,8.0,29.439813655363707,Bachelor,5.4,1
1128,43.0,Finance,66959.58424385189,7.0,3.5,44.52682759957964,Bachelor,7.0,0
1129,49.0,Engineering,53421.191906140564,18.0,2.8,45.68352406063789,Bachelor,5.8,0
1130,23.0,Operations,77494.54120855185,27.0,1.2,41.41722266358262,Bachelor,9.7,0
1131,27.0,Sales,68526.61509384232,26.0,7.1,48.27333155374047,Bachelor,7.5,0
1132,49.0,Marketing,,,1.7,57.36934096455233,Master,2.9,0
1133,49.0,Finance,52393.15409915114,14.0,4.8,43.10573704883552,Bachelor,1.9,1
1134,41.0,Sales,56454.678943665065,34.0,6.4,47.533768645661524,High School,7.2,0
1135,51.0,Operations,42181.307870369026,0.0,9.4,54.85011808361243,Bachelor,2.4,0
1136,32.0,Finance,54704.759149116566,2.0,3.8,43.292516047534846,PhD,8.1,0
1137,49.0,HR,44451.36125465554,23.0,3.2,34.89229438112953,Bachelor,3.8,0
1138,46.0,Engineering,79696.02773383072,26.0,6.9,46.92623079270339,Bachelor,3.9,0
1139,54.0,Operations,60758.037233910094,,6.6,,High School,1.1,1
1140,22.0,HR,62557.45852560646,,4.0,23.61306369629856,Master,,0
1141,48.0,Sales,56622.80208974968,,9.4,,Bachelor,2.0,1
1142,34.0,Marketing,,23.0,8.6,23.24023693534507,,8.0,1
1143,24.0,Finance,96973.16453786526,3.0,,31.478658060574475,Bachelor,5.4,0
1144,27.0,Engineering,55497.89573411263,,3.2,38.95921149191742,Bachelor,8.1,1
1145,29.0,Finance,50243.804479350096,33.0,5.6,36.228669202032904,Master,6.3,0
1146,48.0,Sales,,22.0,8.0,,Master,1.7,0
1147,30.0,Finance,25000.0,22.0,1.4,50.90296112614797,Master,7.9,0
1148,58.0,Engineering,60959.351803663994,4.0,7.2,43.907846490911446,Master,1.6,0
1149,54.0,Sales,54424.306450606484,,6.8,35.285436785764325,Bachelor,5.3,1
1150,45.0,Finance,45115.301009458584,5.0,3.1,52.83552858227421,Bachelor,2.6,0
1151,36.0,Marketing,67616.3650546725,9.0,7.1,30.56914210764647,Master,7.8,0
1152,53.0,Operations,60809.826276686894,6.0,9.5,43.77506807017679,Bachelor,9.2,0
1153,53.0,Sales,32963.86638758674,20.0,1.4,,Master,6.0,0
1154,45.0,Operations,50302.057182113436,,3.9,44.01854324584431,Bachelor,5.7,0
1155,33.0,Sales,25000.0,2.0,4.9,39.45098076885922,Bachelor,7.9,1
1156,23.0,Marketing,64399.039712002545,21.0,9.1,50.657903292210946,Master,1.0,0
1157,24.0,Operations,,,9.7,47.765515769553836,Master,9.3,0
1158,58.0,HR,48100.7715924949,,5.0,37.302885344066695,Master,2.8,0
1159,38.0,Engineering,68101.69067524691,11.0,7.8,35.76848287347007,Bachelor,9.9,0
1160,23.0,HR,40762.520683177165,4.0,5.8,39.479226135743126,Master,7.6,0
1161,23.0,Finance,45502.2446109751,12.0,5.8,57.004571680274715,Bachelor,8.0,1
1162,49.0,Marketing,,,3.5,54.95254784886465,Bachelor,6.9,0
1163,44.0,HR,,29.0,3.0,34.2538545170508,PhD,5.2,0
1164,58.0,Sales,59060.14565696333,24.0,3.6,48.401802704010784,Master,6.1,0
1165,53.0,Finance,51545.264588604856,26.0,6.0,,Bachelor,,0
1166,54.0,Finance,,13.0,1.3,38.421260311541076,Master,6.6,0
1167,22.0,HR,54491.63676067511,15.0,9.2,34.57948517710033,,6.6,0
1168,40.0,HR,49398.64864172733,,2.4,50.55423566057953,High School,9.0,0
1169,23.0,Marketing,64536.74571540186,20.0,3.0,31.674259841692702,Bachelor,5.6,1
1170,47.0,Engineering,,20.0,5.7,45.43480188337978,PhD,1.7,0
1171,53.0,HR,60235.30070693403,7.0,7.4,42.005680972527706,Bachelor,3.8,0
1172,27.0,HR,49069.02477938395,15.0,1.9,40.59640936216392,Master,6.9,0
1173,53.0,Operations,36985.52060423313,30.0,3.9,55.37266360595518,,3.2,0
1174,25.0,Sales,,9.0,9.7,56.07757753867449,Master,3.5,1
1175,32.0,Operations,67492.90477643113,,3.4,,Bachelor,8.4,0
1176,38.0,Operations,94330.23103196509,33.0,3.8,39.23266959520005,Master,6.3,0
1177,59.0,Finance,44340.40740002613,8.0,8.5,29.945013449574667,Bachelor,5.6,0
1178,45.0,Engineering,56865.59269001954,16.0,1.5,41.96592810208632,Master,3.9,1
1179,26.0,Sales,58072.387787162916,10.0,5.2,57.626426045967925,PhD,7.6,0
1180,55.0,Marketing,74840.54157423197,31.0,4.4,,Master,3.6,0
1181,27.0,Marketing,52393.381588010874,9.0,3.8,47.83007426515024,Bachelor,7.6,0
1182,43.0,HR,42434.37218736218,21.0,3.6,30.820021408645886,PhD,1.6,0
1183,32.0,HR,78117.13962691503,16.0,1.8,38.52180056213119,High School,8.8,0
1184,37.0,Marketing,55250.24956108158,3.0,3.8,45.699722446421205,Master,5.5,0
1185,54.0,HR,73179.65264589064,24.0,1.4,42.84689918438442,Master,4.9,1
1186,30.0,Engineering,307850.6106142,20.0,8.0,48.59733867528449,High School,6.5,0
1187,27.0,Operations,59551.642891465504,0.0,4.6,37.17862492353069,Bachelor,6.6,0
1188,85.71050143430679,HR,57385.29442447878,,5.0,28.000091609410678,Bachelor,2.2,1
1189,50.0,Finance,54126.527905052935,,9.0,50.976721842578165,Bachelor,7.8,0
1190,24.0,HR,59772.10306845016,23.0,6.9,34.510805685832736,,3.5,1
1191,41.0,Sales,72946.50339255946,1.0,1.1,46.05283222001587,Bachelor,9.1,0
1192,57.0,Engineering,48053.39728410631,,9.5,45.60685493190732,Bachelor,8.4,0
1193,40.0,Sales,61632.684453136804,,3.1,28.689974439744063,Bachelor,4.1,0
1194,47.0,Sales,43220.52857701789,5.0,2.0,50.393003337920206,Bachelor,8.3,0
1195,24.0,Finance,45088.40650436711,0.0,7.9,37.46746244376825,Bachelor,4.2,0
1196,40.0,Engineering,59535.91504266564,22.0,5.5,42.44043697589569,Master,1.9,1
1197,41.0,Engineering,30597.62987559252,16.0,4.9,39.13453948827555,High School,9.7,1
1198,53.0,Engineering,90908.37924924078,33.0,3.2,54.980732017863275,Master,6.9,0
1199,28.0,Engineering,42104.100676346454,28.0,5.9,52.747921665472504,Bachelor,5.1,0
1200,54.0,Engineering,,8.0,3.5,27.50132332983422,Bachelor,4.6,0
1201,39.0,Finance,77523.26582725297,12.0,9.1,60.07061697526551,Master,3.9,1
1202,22.0,HR,47056.419918742526,5.0,2.9,36.57354613987843,Bachelor,9.8,0
1203,32.0,Sales,25459.545156829256,,9.0,58.81949341585471,Bachelor,2.2,0
1204,49.0,Engineering,53325.81359812993,19.0,6.0,39.950323422880125,Bachelor,3.8,0
1205,46.0,HR,46877.694298858216,2.0,8.5,39.27266635126452,Bachelor,,0
1206,44.0,HR,25854.397371119965,16.0,7.4,40.02137813537742,Bachelor,5.3,1
1207,52.0,Sales,64273.348388582985,11.0,7.3,38.79368284016408,High School,,0
1208,51.0,Finance,63106.40793349427,0.0,3.9,62.195172302585775,Bachelor,2.6,0
1209,56.0,Marketing,77134.89681807527,,3.1,41.389094405434925,High School,2.3,0
1210,28.0,Marketing,43187.66451719419,,2.9,39.581628539690485,Bachelor,3.3,0
1211,37.0,HR,,25.0,8.7,42.616086059943555,High School,9.2,0
1212,47.0,Operations,,14.0,8.4,34.26131842460236,Bachelor,2.0,0
1213,23.0,Operations,58674.86011486357,,5.0,54.776964274322005,Bachelor,7.8,0
1214,22.0,Sales,73820.24404479744,31.0,2.2,30.23135331445495,PhD,7.8,0
1215,33.0,Marketing,81158.52007507738,3.0,4.4,37.08793114342876,High School,,0
1216,26.0,HR,78217.1870086102,17.0,6.6,49.49328247877434,,9.0,0
1217,58.0,Finance,64148.15500339,18.0,5.1,42.338817046139454,Bachelor,3.4,1
1218,53.0,Marketing,71992.48880256222,,,46.39372146000037,PhD,3.0,0
1219,30.0,HR,50392.59847846224,13.0,10.0,54.26531293348344,,5.2,0
1220,56.0,HR,,32.0,2.7,50.03041238665984,PhD,3.4,0
1221,40.0,Engineering,,13.0,5.1,43.09981076112916,Master,7.6,0
1222,37.0,Finance,60940.280953303096,,4.9,58.71474119881439,High School,6.7,0
1223,85.96085045582711,Engineering,61329.70046097019,3.0,3.7,36.973310809630135,Master,8.9,1
1224,41.0,Sales,85831.92908527455,23.0,2.8,41.19752287205958,Bachelor,1.7,0
1225,45.0,Engineering,56565.2570776463,,1.6,41.75647734797787,Bachelor,9.2,0
1226,54.0,Engineering,61350.642564799295,,9.0,41.180625871864166,Master,3.6,1
1227,45.0,Marketing,63554.42123568064,5.0,4.8,33.44631474431072,PhD,5.4,0
1228,32.0,Operations,,32.0,5.5,29.330801398716012,Bachelor,4.9,1
1229,29.0,HR,47962.60900182529,,9.3,45.33761259503355,Bachelor,7.8,0
1230,57.0,Finance,79482.16987270578,0.0,8.0,36.932209715594745,Master,4.8,1
1231,59.0,Engineering,45286.23835559553,4.0,2.2,57.26247031185024,Master,9.5,1
1232,41.0,Finance,40081.228924690906,,6.1,41.41966141411808,Master,9.1,1
1233,56.0,Operations,70203.98068943221,,5.0,39.988085940068075,Master,8.8,1
1234,46.0,Operations,77367.22263036013,5.0,8.2,50.75471829122124,Bachelor,1.6,1
1235,56.0,Engineering,53228.855135990416,12.0,7.5,45.21754109958177,PhD,,0
1236,46.0,Sales,53459.197685251806,34.0,7.2,,Bachelor,8.0,0
1237,50.0,Engineering,64238.152891601894,,4.1,36.874146017884456,Bachelor,1.9,0
1238,39.0,Marketing,49382.20984885225,,8.2,71.2616144319926,Bachelor,2.0,0
1239,39.0,HR,48274.31219082047,15.0,1.5,44.89428609809391,Bachelor,1.9,1
1240,23.0,Sales,73193.88881979548,9.0,2.4,50.67543661907517,High School,1.1,0
1241,56.0,Engineering,69106.96651175428,24.0,4.0,33.81643583813204,Master,5.9,1
1242,37.0,Finance,79667.38329477157,19.0,1.7,37.3761169086106,Bachelor,9.8,1
1243,57.0,Sales,41211.164814517564,30.0,3.1,108.9610656370578,Bachelor,4.9,0
1244,54.0,Sales,52463.06269634075,3.0,8.5,53.17544751484508,Master,5.9,0
1245,25.0,Engineering,64217.693434041794,22.0,9.5,45.660976829866264,Bachelor,9.7,0
1246,54.0,Sales,46115.6872533845,1.0,3.7,38.94743286562381,High School,3.3,0
1247,35.0,Finance,69625.31155731974,21.0,3.4,40.127713824347396,Bachelor,8.7,0
1248,42.0,Operations,78369.40630839497,,3.5,36.591114117950966,PhD,5.9,1
1249,41.0,Sales,51249.630416589775,6.0,3.5,32.74520535889087,High School,6.1,1
1250,29.0,Operations,60578.879103405496,,1.3,49.390753474088115,Bachelor,4.1,0
1251,28.0,Finance,,2.0,9.3,46.31064978233647,Bachelor,6.1,0
1252,24.0,Engineering,86989.07362528499,,2.9,47.88863053073818,Bachelor,1.7,0
1253,38.0,HR,71187.01876590606,,4.8,39.304816096301884,High School,,0
1254,54.0,Sales,68901.43759790414,17.0,,44.04511180106531,Bachelor,3.6,0
1255,33.0,HR,47193.95197972632,,8.7,38.54364988020693,Bachelor,9.0,0
1256,43.0,Finance,65388.14100686761,7.0,7.6,36.18153549783755,PhD,4.3,0
1257,43.0,Sales,68352.31261162498,32.0,9.5,,Bachelor,,0
1258,51.0,Operations,56844.44762158432,11.0,8.0,42.97205837472594,Bachelor,7.3,1
1259,59.0,Marketing,,10.0,3.8,46.05963470629232,Bachelor,2.5,0
1260,59.0,HR,40780.534897847174,4.0,3.2,48.68603211086001,Bachelor,7.8,0
1261,29.0,Sales,,26.0,7.3,43.07232708986419,Master,9.7,0
1262,48.0,HR,30781.747300182557,11.0,4.3,43.92506195220123,Bachelor,8.0,0
1263,48.0,Sales,68691.63859300892,16.0,6.1,33.30699858437034,Bachelor,1.2,0
1264,55.0,Engineering,62215.489878401655,5.0,,,Master,6.4,0
1265,42.0,Operations,,32.0,1.6,34.417481958972424,Bachelor,7.3,0
1266,51.0,HR,55028.15553413042,,5.8,46.84366733456428,Bachelor,8.4,0
1267,54.0,Marketing,,,6.1,42.56712522257652,Bachelor,,0
1268,49.0,Marketing,57531.55393487109,13.0,,34.8317474898753,Bachelor,,0
1269,54.0,Finance,39891.70229994258,4.0,2.2,46.64079073308166,High School,5.8,0
1270,26.0,Sales,73695.00330411449,32.0,,46.34765168763285,,2.5,0
1271,40.0,HR,64561.89256004714,18.0,2.8,36.44027206960508,Bachelor,3.9,1
1272,25.0,Finance,63988.47719720772,,1.8,41.77737964296581,Master,5.0,1
1273,56.0,HR,72563.44055037558,4.0,4.7,46.377133400483814,Bachelor,8.5,0
1274,38.0,Sales,47795.31965910488,1.0,2.5,,Bachelor,9.4,0
1275,49.0,Marketing,78205.97156588762,29.0,3.0,46.529814119167604,Bachelor,6.7,0
1276,51.0,Engineering,57899.357220866426,3.0,3.9,44.40818883330849,Bachelor,4.6,1
1277,50.0,Marketing,73328.98320496312,32.0,3.3,,High School,3.3,0
1278,27.0,Finance,71016.73550231481,,1.8,43.758373879984816,PhD,9.8,0
1279,56.0,Operations,44417.97257996166,,1.8,44.925188693247236,Master,9.8,0
1280,58.0,Engineering,,6.0,2.7,36.991990990889605,PhD,9.3,0
1281,45.0,Finance,64894.12006270028,,1.5,37.62173080107033,Master,8.1,0
1282,50.0,Sales,,22.0,6.6,33.93264055255048,Bachelor,3.9,0
1283,52.0,Engineering,58584.42374946928,13.0,3.6,38.408008247008844,Bachelor,,0
1284,56.0,Finance,58711.60125423312,22.0,3.5,41.90334391650282,Bachelor,4.7,1
1285,54.0,Sales,72190.34138465993,18.0,4.0,37.643822730445436,Bachelor,3.9,0
1286,42.0,Marketing,68668.65770687265,28.0,7.0,30.1208968140489,PhD,7.7,0
1287,53.0,Operations,60457.18275398497,19.0,8.8,36.49129580290698,High School,1.7,0
1288,44.0,Sales,37620.95780292938,28.0,7.8,38.66166314550398,,1.4,0
1289,54.0,HR,67416.65121125427,23.0,7.5,48.53470967705802,Bachelor,5.0,0
1290,24.0,Sales,70854.2042876667,,5.4,46.75811931821544,Master,5.0,1
1291,39.0,Sales,,,7.2,48.68976863100002,PhD,9.1,0
1292,46.0,Operations,76131.49594657557,7.0,6.0,36.087848824008255,Master,,1
1293,52.0,HR,31512.354181267987,25.0,2.9,,Master,2.1,0
1294,24.0,Finance,61176.44098527964,28.0,2.9,22.61562800798773,Bachelor,2.3,0
1295,45.0,Finance,87170.62542997472,9.0,3.7,45.43136318544791,Master,,1
1296,53.0,Sales,69353.23285352456,,9.2,46.88718139120638,PhD,1.6,0
1297,43.0,HR,,1.0,5.9,39.18699865711261,Master,6.9,0
1298,44.0,HR,73503.42988372853,5.0,7.6,44.363438493774254,Master,4.9,0
1299,23.0,Operations,,4.0,4.1,29.88060579703958,,,0
1300,48.0,Marketing,67171.34994941184,27.0,4.7,35.59146407680141,Master,9.9,0
1301,23.0,Finance,56242.97941512134,4.0,2.1,48.12359390745821,Bachelor,6.9,0
1302,47.0,Operations,59705.64771284288,17.0,2.5,93.19826490048256,Master,1.5,0
1303,38.0,Engineering,,25.0,8.4,38.70516391164186,Bachelor,1.9,0
1304,54.0,Finance,46099.303462617274,19.0,6.3,48.49089853923768,High School,8.9,0
1305,30.0,Operations,79319.73710702907,,4.0,43.10638493439929,Bachelor,,1
1306,50.0,Finance,,11.0,8.2,37.96623228862273,Bachelor,8.4,1
1307,47.0,Marketing,63909.94249725611,,3.2,40.53738151517365,Bachelor,8.7,0
1308,56.0,Engineering,38992.38059587585,2.0,9.8,38.356658469507714,Bachelor,9.3,1
1309,46.0,Marketing,,9.0,4.1,32.52979239345178,Bachelor,9.5,0
1310,45.0,Engineering,,33.0,4.0,52.05348644721681,High School,6.0,1
1311,34.0,Sales,52280.37676172779,24.0,3.8,37.45580453365927,Bachelor,4.1,0
1312,28.0,Operations,43346.649202356,34.0,2.1,35.34111428562471,Master,9.7,0
1313,57.0,Engineering,64169.745971140626,15.0,2.0,29.76521343589313,PhD,,1
1314,41.0,Marketing,81822.15967487614,1.0,6.8,20.912257059286986,Master,1.6,0
1315,22.0,Finance,38252.15151778641,23.0,8.9,47.611974944951896,PhD,,0
1316,29.0,Engineering,43405.37728157487,,8.1,48.348869496289694,Master,6.3,1
1317,37.0,Operations,,21.0,2.3,51.544308676757666,Bachelor,9.1,1
1318,35.0,Engineering,47694.84263203957,25.0,5.9,40.80768547063854,Master,6.9,1
1319,33.0,HR,47742.21800086507,,2.0,39.42405978165124,Master,4.1,0
1320,44.0,Finance,28588.190585043343,28.0,1.4,37.93821509357487,Bachelor,9.7,0
1321,36.0,Operations,68835.85421108801,,6.9,,High School,8.2,0
1322,49.0,Operations,65080.80754304453,26.0,5.8,,Master,,0
1323,55.0,Sales,,19.0,1.7,41.787878010168335,High School,3.6,0
1324,23.0,Marketing,81857.9363993437,,1.3,45.02456636801122,Master,,0
1325,53.0,Sales,85216.38472395731,19.0,9.9,38.46394534431677,Bachelor,7.0,0
1326,44.0,Operations,48736.41675329829,34.0,1.3,52.566783249765656,Bachelor,1.6,0
1327,43.0,Finance,77498.22886465509,,5.0,26.762088964522086,Bachelor,3.3,1
1328,46.0,Engineering,51405.03292513581,29.0,5.5,32.235806602255636,High School,7.4,1
1329,43.0,Engineering,62716.74765316591,33.0,2.1,45.037684193876466,Bachelor,5.3,1
1330,43.0,Finance,47463.56797468637,21.0,2.5,56.00488600984748,Master,,1
1331,27.0,Operations,93213.77285193413,2.0,4.2,40.199198401929834,Master,2.4,0
1332,36.0,Engineering,55559.74159005153,5.0,7.9,35.26103355418125,Master,5.0,1
1333,58.0,Engineering,61896.73534235194,14.0,5.6,50.005301641266755,Bachelor,7.9,0
1334,54.0,Engineering,49680.9391880426,26.0,6.7,44.5895875361192,Master,3.4,1
1335,29.0,Marketing,87919.73395854593,9.0,9.9,52.32171049595395,Bachelor,1.0,1
1336,26.0,Marketing,88299.21969134116,8.0,7.9,31.677191322045267,Bachelor,7.0,1
1337,25.0,HR,84463.9377189441,32.0,4.9,51.69334788808741,Bachelor,9.8,0
1338,27.0,Sales,74346.60522521433,,5.0,29.612340345853827,Bachelor,,0
1339,53.0,Finance,,,6.6,,Bachelor,2.1,0
1340,51.0,Finance,72417.75143943627,1.0,7.0,45.30226202259141,High School,3.9,0
1341,56.0,Finance,59894.358016128965,28.0,5.5,43.488107025592754,Master,8.8,0
1342,37.0,HR,79686.12932613949,,6.8,50.484738687858936,Master,3.1,0
1343,34.0,Marketing,76738.53080048042,0.0,1.2,27.38671986392621,Bachelor,6.5,0
1344,51.0,Operations,50261.01632886114,18.0,4.9,43.128059837592296,High School,,0
1345,40.0,Operations,74217.38704255824,25.0,3.5,,Bachelor,2.9,0
1346,38.0,HR,70230.51675065889,24.0,2.2,42.47435381657677,Bachelor,8.3,0
1347,40.0,Operations,25000.0,9.0,,32.86128256186638,Master,7.7,0
1348,49.0,Finance,,,6.4,50.06005915861322,Bachelor,7.0,0
1349,47.0,Sales,53523.063170396905,,5.7,36.81351783885044,Master,,0
1350,58.0,Engineering,46709.36318502489,20.0,3.3,35.40541590349697,Master,1.9,1
1351,47.0,Marketing,47351.090935593864,,5.2,34.398913976931944,Bachelor,6.2,0
1352,44.0,Marketing,57971.35656551953,33.0,,,,6.0,0
1353,30.0,HR,67200.89370130024,29.0,2.8,43.46448176298296,Bachelor,2.7,0
1354,33.0,Marketing,39518.06966711729,,6.9,31.847199562375366,Bachelor,1.5,0
1355,22.0,Finance,62847.71754318696,27.0,8.0,,Bachelor,1.7,0
1356,22.0,Operations,68651.37099289607,,8.1,36.444136993102255,High School,9.9,0
1357,55.0,Finance,,3.0,6.4,34.360090816906876,,8.1,0
1358,53.0,HR,,6.0,5.6,42.29406581239544,Bachelor,9.3,0
1359,46.0,Finance,54755.817198332945,,1.5,44.88977277120704,Master,2.8,0
1360,22.0,Operations,63924.94459044719,18.0,3.6,43.79099048213274,PhD,9.6,0
1361,37.0,Sales,77211.13995287409,0.0,1.8,43.80265510998242,Master,2.3,0
1362,26.0,HR,55436.64178242279,9.0,9.7,55.36793372230889,Bachelor,5.6,0
1363,43.0,Sales,77979.62057986576,,2.2,45.389468797017244,Master,8.5,0
1364,50.0,Engineering,30939.565252853103,,2.4,48.271713983113976,Master,4.1,0
1365,24.0,Sales,41199.77710317171,31.0,9.0,38.68307400178422,Master,4.8,0
1366,33.0,Engineering,65229.66516501331,5.0,9.5,49.55204914129193,Master,2.2,1
1367,47.0,Engineering,38837.632528681876,16.0,7.9,38.301179809653426,Master,2.1,0
1368,37.0,Sales,42382.94209849925,9.0,1.0,45.29158662070872,Bachelor,6.6,0
1369,58.0,HR,52083.34703631091,26.0,1.0,31.02906505454094,Master,7.1,1
1370,43.0,Operations,71571.58487873737,34.0,4.4,43.329873055904976,Bachelor,8.0,0
1371,50.0,Finance,,20.0,2.3,34.1969581186453,PhD,6.0,0
1372,35.0,Finance,62554.47543243591,24.0,1.2,49.48828523587126,Bachelor,6.8,1
1373,49.0,Operations,75494.4592072921,27.0,5.2,49.00701169599027,High School,1.1,1
1374,26.0,Engineering,57075.82187356563,,9.5,38.266980899527255,Bachelor,2.5,0
1375,51.0,Engineering,54467.5465561119,,3.9,58.39659942899632,Master,,1
1376,26.0,HR,66026.56923837861,28.0,7.0,39.7129736304522,Bachelor,1.7,1
1377,33.0,Marketing,57118.3342091784,,6.9,29.103848794619783,Bachelor,7.1,0
1378,37.0,Sales,80857.4967186112,26.0,3.3,35.76705623709856,PhD,2.6,1
1379,47.0,Engineering,43328.80481798347,25.0,6.9,,PhD,7.5,0
1380,47.0,Finance,59225.337672523725,18.0,2.9,45.036816814290034,Bachelor,7.4,0
1381,42.0,HR,,27.0,2.1,32.11709578662038,Bachelor,3.1,1
1382,57.0,Sales,54323.1892223031,,7.3,37.686287873550036,Master,3.4,1
1383,54.0,HR,25000.0,19.0,2.0,44.516417364294156,PhD,6.9,0
1384,51.0,Sales,57586.426379262106,22.0,10.0,43.10916715769442,Bachelor,4.5,0
1385,58.0,Sales,73502.654803687,31.0,2.7,41.898849501265765,Master,2.8,0
1386,44.0,Operations,71671.63779189026,32.0,6.3,,Bachelor,7.6,0
1387,31.0,Engineering,65321.677232553,4.0,4.7,39.035999219938766,Master,2.4,0
1388,26.0,HR,43532.064624761646,33.0,2.1,29.169983554669358,Master,8.7,1
1389,57.0,HR,65929.64193687726,10.0,1.3,38.82529423404284,Bachelor,5.6,1
1390,55.0,Operations,,2.0,6.6,45.749998274522284,High School,2.0,0
1391,52.0,Finance,65302.24358923,32.0,8.3,40.904520091124766,PhD,7.2,0
1392,31.0,Finance,61822.57517102573,10.0,8.6,45.131906985044004,Master,,0
1393,40.0,Engineering,45354.37093074943,15.0,5.3,37.30573576392412,Bachelor,3.7,0
1394,53.0,Engineering,46613.16240964645,17.0,8.0,49.95468863902343,Master,4.8,0
1395,22.0,Marketing,65325.33681632274,29.0,7.1,21.54945706022933,Master,3.7,0
1396,26.0,Operations,56683.30357067248,9.0,7.5,43.13152410338684,Bachelor,3.4,0
1397,25.0,Finance,47395.77854014307,17.0,5.4,52.79104277697023,Master,2.5,0
1398,37.0,Sales,46157.547154097505,18.0,6.7,53.9815881283317,Bachelor,4.3,0
1399,96.3973629505401,HR,55442.53728020676,12.0,8.2,40.1453906460602,,,0
1400,37.0,Engineering,,2.0,4.6,31.390414754856927,High School,,0
1401,23.0,HR,,9.0,8.3,52.931782738746875,Bachelor,7.2,0
1402,49.0,HR,59789.70692613617,0.0,6.3,41.585078665555514,Bachelor,5.5,0
1403,53.0,Marketing,61524.66431534265,,2.5,40.72824368584095,Master,8.0,0
1404,48.0,Finance,,7.0,1.2,34.85716287297815,Master,8.6,0
1405,41.0,Engineering,33557.51274235957,16.0,4.3,32.00090015313394,Master,6.2,1
1406,45.0,HR,44600.38897896404,8.0,5.9,,Master,6.6,0
1407,33.0,Engineering,63706.16066709455,,8.6,47.358971638069285,Bachelor,3.5,0
1408,56.0,Sales,61309.96586873114,24.0,2.1,43.61235201439537,PhD,9.1,0
1409,54.0,Marketing,70536.09853726598,27.0,8.2,35.887633747249254,Bachelor,1.2,0
1410,54.0,Sales,61451.248424386744,,8.8,33.4800093991268,Master,4.1,0
1411,58.0,Engineering,58356.76062796195,8.0,2.4,30.542010758240856,Bachelor,7.5,1
1412,33.0,Engineering,,,,37.51563859137622,Master,1.7,1
1413,24.0,Finance,73269.10184794039,20.0,9.9,33.95317148200829,Master,2.6,1
1414,22.0,HR,46212.29791918925,,7.5,,Master,6.3,0
1415,54.0,HR,43344.00724055969,14.0,8.1,47.21076009882439,Bachelor,6.0,0
1416,31.0,Sales,68505.83276082155,,9.9,31.447489108120262,Bachelor,7.7,0
1417,50.0,Marketing,40002.640340195176,17.0,6.4,49.87138145144587,,,0
1418,34.0,Operations,96221.86497987946,33.0,3.8,45.15257368090771,Master,2.2,0
1419,33.0,HR,61199.90070838715,21.0,8.5,44.354729500947194,Bachelor,1.2,0
1420,52.0,Finance,65218.59174487328,10.0,6.5,55.32247236848073,PhD,7.2,1
1421,23.0,Sales,,,6.2,31.713578927483802,Bachelor,3.7,0
1422,56.0,Sales,,3.0,3.3,48.99017596839037,Bachelor,6.6,0
1423,44.0,Operations,,21.0,7.8,39.61885941582856,Master,2.4,1
1424,38.0,Finance,51872.475184970375,6.0,,62.56856125303632,Bachelor,5.2,1
1425,47.0,Marketing,69494.4262726474,23.0,9.3,38.953644550886324,PhD,5.5,0
1426,29.0,Finance,53256.35942662078,3.0,3.9,37.661533310995054,Master,6.3,1
1427,50.0,Marketing,75262.51843626272,27.0,2.1,,,5.6,1
1428,47.0,Finance,99947.73525179736,14.0,5.0,40.32873174233088,High School,5.5,0
1429,31.0,Finance,55566.881397801764,,1.4,35.93229630160105,Bachelor,4.0,0
1430,47.0,Engineering,62284.732703649366,,7.2,34.2377857285133,Bachelor,1.6,0
1431,55.0,Sales,65692.23085748262,13.0,9.1,53.66563590709923,Master,1.8,0
1432,28.0,Finance,87172.57218890275,,8.5,32.692306944800066,Bachelor,4.9,0
1433,25.0,Operations,,,2.1,43.784700483044,Bachelor,4.2,1
1434,32.0,Finance,47564.74620512456,28.0,2.1,50.449473117008765,,5.6,1
1435,50.0,HR,41004.892415614435,4.0,8.3,50.835959883541065,Bachelor,3.7,1
1436,57.0,Sales,,9.0,9.3,37.18678078254848,Bachelor,7.2,1
1437,46.0,HR,53274.29671419177,27.0,5.1,40.3505215949939,Master,8.8,1
1438,42.0,Sales,,20.0,5.5,38.79845199188502,Master,3.7,0
1439,57.0,HR,86547.93631015449,6.0,3.9,29.719849898673,Master,2.7,0
1440,31.0,Finance,44484.40758114603,,9.0,46.30013906416092,Master,,0
1441,58.0,Finance,49338.59844676232,19.0,6.8,42.30802916507847,Bachelor,6.5,0
1442,30.0,Engineering,,18.0,3.6,53.524680644815035,Master,5.0,0
1443,45.0,Operations,80958.39633838144,34.0,3.7,35.41435922158862,Bachelor,2.7,0
1444,56.0,HR,60855.19704556577,3.0,9.0,50.709572468941566,Bachelor,6.9,1
1445,56.0,Marketing,50291.3904301793,4.0,1.1,51.273873202273634,Bachelor,2.3,0
1446,57.0,Engineering,59116.77285145913,0.0,3.9,42.3765734944631,Bachelor,6.0,1
1447,39.0,HR,50572.7270415593,3.0,6.0,24.633107433330647,,5.7,0
1448,53.0,HR,,11.0,2.3,97.96298987045813,Bachelor,7.6,0
1449,45.0,Engineering,49364.49432502942,26.0,1.8,56.28696899443293,Master,1.5,0
1450,44.0,Finance,52343.459213595495,,8.3,44.37644617193528,Bachelor,9.0,1
1451,53.0,HR,77429.00720184145,24.0,9.0,47.547197646975086,Bachelor,,0
1452,58.0,Finance,48474.52579028892,,8.4,41.286667346920254,Master,2.9,0
1453,33.0,Engineering,38308.07951159756,23.0,,40.21245672109497,Bachelor,2.7,0
1454,34.0,Finance,61424.90627034457,,6.0,27.06124345040395,Bachelor,4.9,0
1455,44.0,Sales,54592.89893693106,31.0,8.3,48.357913736442455,High School,8.4,0
1456,46.0,Marketing,67671.2325139493,31.0,4.5,50.637449637779014,Master,8.6,0
1457,56.0,HR,64762.079020966354,4.0,7.0,34.39310171626649,Master,5.7,0
1458,51.0,Operations,59521.22258034957,15.0,9.9,40.56915902793354,Bachelor,8.7,0
1459,38.0,Marketing,59084.34861795006,,3.0,39.49006978116567,PhD,,0
1460,41.0,Finance,48962.123260157474,20.0,4.5,45.36122635189029,Master,1.3,0
1461,46.0,HR,61250.206064898644,,5.3,,Master,9.2,0
1462,43.0,Finance,,,2.2,49.45072738546402,Master,8.0,0
1463,34.0,Sales,45398.29887900786,34.0,1.7,42.57059452899591,Bachelor,5.1,0
1464,40.0,Engineering,59919.039354576984,21.0,8.5,21.604615555322418,Master,7.8,0
1465,57.0,HR,75575.83133601918,4.0,9.8,45.54176220154115,Bachelor,9.6,0
1466,33.0,Sales,67581.36139825049,22.0,4.6,49.97080790072627,Bachelor,7.9,0
1467,40.0,Sales,79642.09344526069,16.0,1.8,32.78350671788049,PhD,8.6,0
1468,33.0,HR,51477.86505248498,11.0,1.6,45.26981547979659,,7.8,1
1469,30.0,Finance,32538.47327407701,,9.0,56.63967735803368,Bachelor,2.5,0
1470,28.0,Operations,63009.777059335305,15.0,5.2,42.89653100142591,Bachelor,8.5,0
1471,49.0,Sales,65438.562225397276,2.0,3.9,51.13303091463592,Master,2.8,0
1472,35.0,Marketing,80526.32931709013,29.0,5.3,38.46276023810784,High School,9.0,1
1473,52.0,Sales,77822.18602060476,21.0,3.9,41.85628569234275,High School,5.1,0
1474,40.0,Operations,68051.15434518692,8.0,5.4,40.36302969658924,High School,7.1,0
1475,37.0,Finance,71480.85321255651,,8.7,38.903036589219546,Bachelor,5.5,1
1476,26.0,Finance,57122.67812690041,,6.3,40.81822363933539,Master,1.8,1
1477,56.0,Marketing,41713.28083021175,12.0,7.3,28.954545752605462,High School,3.6,0
1478,33.0,Sales,61765.818260713655,31.0,4.3,39.35295892493363,Master,9.9,0
1479,46.0,Finance,74738.60195441666,,7.6,52.70245164341428,Bachelor,9.6,1
1480,42.0,Operations,69845.41304742823,16.0,7.0,34.290479545185335,Master,3.9,0
1481,57.0,HR,72507.11008739047,,2.1,33.47093382821352,PhD,10.0,0
1482,44.0,Engineering,53583.66469429872,1.0,6.2,42.48969897115804,Master,8.6,0
1483,37.0,Engineering,56016.79742972364,,3.3,42.88946514685796,Master,6.5,1
1484,35.0,Engineering,67251.38232171905,,8.2,45.01971775243189,PhD,1.4,0
1485,52.0,Sales,51802.38908236868,29.0,4.8,41.09009141452289,Bachelor,9.1,0
1486,26.0,Marketing,52264.243951004966,21.0,10.0,42.57491331566667,Master,6.0,1
1487,56.0,Finance,64469.73354566177,32.0,1.8,39.19292181096801,Master,,0
1488,44.0,HR,441246.4997063564,29.0,8.0,31.793630757600287,Bachelor,8.5,0
1489,50.0,Operations,57007.069900058865,16.0,7.1,41.42886505351479,Bachelor,8.5,0
1490,32.0,HR,42552.15808419541,31.0,,47.79677597153971,PhD,7.3,1
1491,39.0,Operations,48962.94127435755,13.0,3.8,46.12043701081868,Master,,0
1492,33.0,Sales,,9.0,5.4,28.0460629844857,Bachelor,4.0,0
1493,30.0,Engineering,62872.81445798947,33.0,8.2,44.01540290647266,Bachelor,3.8,0
1494,31.0,Sales,63618.57206483022,8.0,3.1,34.85784379314265,Master,1.2,0
1495,38.0,Marketing,67819.42935893635,,3.0,53.137312041771054,Bachelor,6.2,1
1496,59.0,Marketing,60087.15837813675,,6.0,44.61015826342704,Master,7.3,0
1497,28.0,Operations,63975.84067260468,13.0,5.7,49.17027168104485,Master,8.7,0
1498,34.0,Finance,59324.597657567,18.0,3.5,42.16934515531888,Master,2.3,0
1499,30.0,Finance,77231.00224394159,14.0,3.7,41.471560008820184,Bachelor,5.9,1
1500,48.0,Operations,81485.13046826253,,3.5,53.96675934122597,Master,1.1,0
1501,23.0,Marketing,42164.830764299484,,7.9,49.78219517300013,Master,1.9,0
1502,26.0,Marketing,56171.2208684662,,6.9,42.94286921798038,Master,1.5,0
1503,50.0,Marketing,60490.86737311061,,8.5,40.40266859090082,Bachelor,7.5,0
1504,58.0,Sales,55996.279319785186,32.0,9.8,28.34260219575304,Bachelor,1.7,0
1505,59.0,Marketing,86893.8388699631,32.0,5.3,44.59654027899312,PhD,7.4,0
1506,40.0,HR,63359.32917134602,18.0,1.6,40.99116824544228,Bachelor,3.2,0
1507,29.0,Engineering,47919.42259424484,,1.4,46.43164837665821,Bachelor,8.9,0
1508,22.0,Marketing,68946.63509341006,9.0,3.7,48.862550732278294,Bachelor,8.3,1
1509,43.0,Operations,64064.61808269289,0.0,9.4,51.86336876037797,Master,,0
1510,38.0,Engineering,64562.89379330132,28.0,5.7,44.69594328715523,Bachelor,9.0,1
1511,28.0,Sales,87118.14238198785,33.0,3.4,33.62911627897436,Bachelor,9.4,0
1512,46.0,Operations,65261.77763632214,,4.6,24.805491592654935,High School,8.7,1
1513,25.0,Engineering,55445.077141890055,0.0,6.4,35.402401117145665,Master,7.2,1
1514,57.0,Operations,30670.853605348486,,6.9,52.66790799604054,Bachelor,2.5,1
1515,27.0,Sales,57519.01472784732,28.0,2.4,56.58793175439553,Bachelor,3.4,1
1516,52.0,HR,79589.54875990783,12.0,9.8,40.096793985846595,Bachelor,2.9,0
1517,40.0,Sales,58632.463206657194,28.0,5.9,30.312325965741188,Master,6.4,0
1518,48.0,Sales,26399.25152220745,23.0,2.2,36.81269139997728,Bachelor,5.5,0
1519,31.0,Operations,52524.5641171133,25.0,9.0,51.10244658158297,Bachelor,8.8,0
1520,47.0,Finance,74890.32808369189,16.0,1.7,37.271894611783146,Bachelor,9.6,0
1521,40.0,Marketing,68187.25761843023,6.0,9.2,46.71299158134011,PhD,4.6,1
1522,24.0,Marketing,47401.78655233897,,10.0,43.34846641038428,Master,5.6,0
1523,34.0,HR,51520.72835401377,4.0,7.3,47.68002607229643,PhD,,0
1524,49.0,HR,53839.37011346375,25.0,7.9,56.544087991576305,Master,3.5,1
1525,41.0,Marketing,50059.29342205605,2.0,4.0,,High School,8.1,0
1526,49.0,Finance,29554.891983906266,6.0,9.5,43.175330213103436,Master,3.0,0
1527,29.0,Marketing,71453.86650929783,0.0,5.8,57.426988526471355,Bachelor,7.1,1
1528,22.0,Finance,78855.8993503364,16.0,7.6,44.79641681300049,Bachelor,3.3,0
1529,24.0,HR,,24.0,9.3,35.656420021347195,Bachelor,9.0,0
1530,34.0,Engineering,78657.79398879471,2.0,9.8,47.49972231815588,Bachelor,6.1,1
1531,49.0,Operations,,14.0,8.5,45.57964433706376,PhD,2.7,1
1532,46.0,HR,78376.98522251812,,3.7,,Bachelor,3.0,1
1533,54.0,HR,60569.25654435669,31.0,9.7,37.85931158026981,Master,5.4,0
1534,59.0,Sales,62033.16888237945,25.0,6.7,,High School,,1
1535,27.0,Sales,65586.51970473319,15.0,9.4,,High School,7.9,0
1536,53.0,Sales,48149.005122970826,24.0,7.1,39.87392145029686,Master,5.4,0
1537,42.0,Operations,77920.11216492033,27.0,3.8,,Master,4.0,0
1538,37.0,Sales,439614.8676957298,8.0,4.3,45.089237505278525,Master,5.9,0
1539,42.0,Finance,53968.99883224994,0.0,6.0,44.489610511670556,Bachelor,7.7,0
1540,32.0,Marketing,67863.97016464753,28.0,8.1,44.761614217835756,Bachelor,8.1,0
1541,58.0,Engineering,52362.07139271804,21.0,3.9,41.501045284506766,Master,3.9,0
1542,57.0,HR,71662.96861222415,15.0,6.2,40.5786939517995,Master,7.5,0
1543,56.0,Finance,80637.99259775935,6.0,4.1,53.53604638122812,Bachelor,6.9,1
1544,40.0,Engineering,75188.19001580754,13.0,8.3,42.539247094702425,PhD,9.6,0
1545,41.0,Finance,30958.270294820675,28.0,5.2,52.110134768443814,Master,,0
1546,39.0,Finance,61887.70454429036,18.0,1.7,34.02867213466949,PhD,8.1,0
1547,35.0,HR,75430.23916044588,18.0,2.5,,Master,7.5,0
1548,36.0,Marketing,40248.76729766915,1.0,1.5,36.12237570671987,Master,3.5,0
1549,52.0,Sales,70854.15880843313,14.0,5.5,37.550784573653324,High School,8.6,0
1550,22.0,Operations,,2.0,2.0,38.70475328057959,Bachelor,4.8,0
1551,24.0,Marketing,41818.65162092602,10.0,2.0,38.20320825116977,Master,3.5,1
1552,37.0,Operations,72513.48998610242,29.0,9.5,38.243162748145195,Bachelor,4.5,0
1553,44.0,HR,64090.466902949025,17.0,8.9,51.73820071912452,Bachelor,8.5,0
1554,32.0,HR,69755.72683081903,1.0,5.1,42.36328938494112,Bachelor,2.3,0
1555,33.0,HR,45505.314213523015,,9.9,43.80044311367687,Bachelor,5.1,0
1556,31.0,Engineering,,7.0,1.0,38.34272029158841,PhD,5.4,0
1557,53.0,Operations,34426.821688015145,21.0,6.5,48.85551442974487,Master,1.3,0
1558,37.0,Marketing,25845.131887004238,,6.5,44.840450225911354,Bachelor,,0
1559,29.0,Marketing,,11.0,5.1,,High School,8.4,1
1560,59.0,Finance,76508.96410141965,14.0,4.6,29.325728858986857,Master,,0
1561,33.0,Finance,63794.0522139762,,5.1,43.73037166721497,Master,3.6,0
1562,45.0,Finance,59048.30904083781,,4.7,46.60543618028367,PhD,8.9,1
1563,49.0,HR,57186.9881991769,1.0,7.6,34.169217293413226,Bachelor,7.9,0
1564,29.0,Marketing,45861.51912835402,,2.2,39.6368430504067,Bachelor,4.8,1
1565,49.0,Operations,56672.0864430704,14.0,2.8,46.29728401168765,Bachelor,7.7,0
1566,57.0,HR,66325.26702396666,19.0,2.6,29.432575543025862,PhD,9.7,0
1567,47.0,Engineering,53471.66650799057,28.0,3.4,36.80918253272088,Master,5.1,1
1568,29.0,Finance,71258.80280753665,28.0,5.7,45.01527153301121,Master,,1
1569,49.0,HR,62939.62550796904,2.0,2.0,50.84014751081288,Bachelor,9.5,1
1570,49.0,HR,64754.6912666011,18.0,8.8,59.48623849816934,Master,6.4,0
1571,58.0,Engineering,73329.94130326441,2.0,3.7,57.66923814693672,Master,1.9,1
1572,57.0,Sales,52098.66851017514,13.0,2.5,43.15015585852807,Bachelor,6.2,1
1573,48.0,Marketing,69890.70879280427,,7.1,38.126184948144385,Bachelor,5.5,0
1574,38.0,Operations,54202.849241220385,10.0,1.3,49.384978142167085,Bachelor,8.7,0
1575,30.0,Sales,65092.7172572826,30.0,6.6,37.651256610210744,,5.8,0
1576,54.0,Finance,,31.0,7.3,35.90323772043479,High School,3.3,1
1577,41.0,HR,46339.442654029015,26.0,2.9,39.5578715810792,Bachelor,7.1,0
1578,34.0,Engineering,61377.9711847274,29.0,1.4,91.37501904177354,Bachelor,5.9,0
1579,49.0,Engineering,31721.999219683243,,4.3,45.301044984527,High School,3.1,0
1580,50.0,Marketing,,8.0,1.9,,Bachelor,6.2,0
1581,34.0,Sales,35904.3449158623,27.0,2.0,42.68097645838252,Master,8.4,0
1582,56.0,Marketing,71688.51051470412,30.0,3.3,54.759627611242564,Bachelor,1.3,0
1583,27.0,HR,75751.65894163371,33.0,,42.97712571259238,Master,6.7,1
1584,39.0,Marketing,47040.73167868791,14.0,5.8,54.13393830497422,Bachelor,4.1,0
1585,26.0,Operations,66424.69443710244,24.0,7.1,,Master,3.6,1
1586,46.0,Engineering,73487.03570531237,,6.3,46.736321893605066,Bachelor,4.5,0
1587,23.0,Engineering,73537.03833752676,,2.3,,Master,,0
1588,31.0,Finance,63216.76250957462,31.0,2.5,50.32406381879284,Bachelor,8.5,0
1589,51.0,Finance,71014.57013342246,,8.9,40.00020065089541,Master,3.5,0
1590,26.0,HR,,34.0,6.0,41.98392275978431,Bachelor,7.6,0
1591,54.0,Operations,61246.8369848502,,8.8,44.64158939332475,Master,1.8,1
1592,22.0,Sales,52993.44889813836,28.0,4.3,41.95706022085215,Bachelor,,0
1593,39.0,Marketing,48993.18039321954,,6.5,36.237858252715704,Bachelor,,0
1594,53.0,HR,60540.950872044414,,5.7,29.783208680137044,Bachelor,7.4,0
1595,32.0,Finance,,8.0,3.9,49.67306344260383,Master,3.7,0
1596,42.0,Marketing,,27.0,5.2,46.56273701445089,PhD,4.7,1
1597,47.0,Finance,63977.33290948331,,5.5,28.235112060029266,Master,3.0,0
1598,46.0,Marketing,69628.95802442326,28.0,2.8,36.02570120370515,High School,9.4,0
1599,43.0,Sales,69799.24759874307,,3.8,43.432523434187075,Bachelor,5.4,0
1600,48.0,HR,100313.01548545441,15.0,8.1,45.54057882848454,,6.7,0
1601,34.0,Marketing,32849.51395091131,,9.2,29.852370728263267,Bachelor,7.6,0
1602,54.0,Operations,49680.99199744233,30.0,4.2,41.28609066766062,Master,4.3,0
1603,55.0,Engineering,82110.8407873212,,3.8,46.31723676203171,,7.5,0
1604,56.0,Operations,54719.80387719789,,2.8,39.187905584805755,Master,,0
1605,22.0,Operations,73287.04706402578,,7.1,44.04663718747515,Bachelor,7.4,0
1606,42.0,Engineering,,21.0,3.9,38.09958494364419,Bachelor,5.4,1
1607,27.0,Operations,91578.03601812015,11.0,9.9,,Bachelor,4.4,0
1608,49.0,Marketing,43304.18359404432,12.0,3.9,35.60571428906983,Master,3.0,1
1609,38.0,Marketing,78327.0082877822,10.0,4.5,32.863374087244964,Bachelor,8.4,1
1610,26.0,Marketing,86243.71957908748,15.0,6.4,42.231414912492404,Bachelor,6.5,0
1611,52.0,Engineering,44783.716842480004,7.0,8.2,30.531792221692037,Bachelor,5.0,0
1612,26.0,Operations,71743.0536537202,1.0,5.2,,,9.5,0
1613,59.0,Engineering,,29.0,4.8,50.66988238443211,Master,1.4,0
1614,24.0,Marketing,60452.423588026875,,10.0,34.12620414751345,Master,8.7,0
1615,44.0,Operations,56151.1810472674,11.0,1.1,31.330787339329497,Bachelor,10.0,0
1616,58.0,Operations,25000.0,9.0,9.1,35.505929784403136,Bachelor,,0
1617,58.0,Finance,66363.51389567848,,2.3,35.146794948713634,PhD,8.3,1
1618,31.0,Finance,62150.087514093466,14.0,8.1,40.86310831069165,High School,,0
1619,31.0,Sales,82186.18460108641,15.0,6.6,33.25210613051227,Master,3.1,0
1620,40.0,HR,69167.15481974314,,4.1,45.98548913804924,PhD,7.6,0
1621,38.0,Finance,94363.25886118144,25.0,8.9,47.169873049261724,,3.7,0
1622,42.0,Engineering,61605.63573118071,1.0,1.1,31.80006839507572,Bachelor,2.6,0
1623,35.0,Finance,58417.04921996539,11.0,3.0,37.0552270164129,PhD,8.1,1
1624,30.0,Sales,57234.650239243565,25.0,6.1,37.81554207969131,Bachelor,3.8,1
1625,22.0,Operations,53406.169334523394,22.0,4.2,100.1662338855339,Bachelor,9.2,1
1626,34.0,Sales,26883.736254261465,17.0,6.5,50.661468135869455,Bachelor,8.6,0
1627,25.0,Operations,56697.08059488064,31.0,1.2,51.122507320020866,Bachelor,8.6,0
1628,22.0,Operations,28982.179103460116,2.0,2.0,61.99093908932629,Master,7.9,0
1629,53.0,HR,66780.50016878653,2.0,2.1,23.845008566766573,Master,,0
1630,55.0,Finance,41399.09561294124,29.0,2.7,34.60563421478697,Master,8.3,0
1631,49.0,Engineering,46585.0106536737,0.0,5.1,56.51207344859987,Bachelor,6.4,0
1632,52.0,Engineering,49958.847077511724,29.0,7.8,27.59439745778532,High School,3.7,0
1633,29.0,Marketing,56925.97443280132,31.0,9.1,56.33012051336565,Master,9.0,0
1634,47.0,Operations,60103.023824085554,27.0,8.5,43.178810185145956,High School,8.6,0
1635,55.0,Engineering,76267.19374609606,20.0,2.8,43.47306218418036,Master,5.3,1
1636,24.0,HR,,12.0,5.0,,Bachelor,1.4,0
1637,33.0,Operations,67202.19204333554,26.0,2.8,38.390694239965626,Master,,1
1638,22.0,HR,100963.0084983535,,3.4,55.97901087767925,Bachelor,1.5,1
1639,26.0,Engineering,65660.26054144844,,5.5,41.61853491807019,,9.3,0
1640,51.0,Engineering,57292.65316602549,,1.6,38.44400777431836,Bachelor,9.7,0
1641,51.0,Marketing,48312.72522107554,14.0,3.0,45.24575357103389,Bachelor,,0
1642,38.0,Engineering,,14.0,9.4,40.462259197578746,Bachelor,,1
1643,44.0,Operations,46706.69484585891,3.0,5.2,44.761209198451525,Master,,0
1644,36.0,Operations,64029.921400256586,31.0,5.0,35.20206934272063,Master,7.6,1
1645,58.0,Operations,61553.1620795909,22.0,1.1,41.38277881113516,Master,4.1,0
1646,42.0,Marketing,27566.711686233102,5.0,3.2,36.871389876474254,PhD,7.1,1
1647,35.0,Marketing,59721.62991350899,23.0,8.8,27.56826687444258,Bachelor,,1
1648,23.0,Engineering,76142.19468960019,19.0,2.5,45.85566229798148,High School,2.3,0
1649,32.0,Sales,54013.32221695875,19.0,4.7,32.12981726755555,Bachelor,4.7,0
1650,59.0,Sales,50206.54841382657,11.0,1.1,40.68207255916718,,2.0,0
1651,55.0,Marketing,39334.48840324722,32.0,5.3,49.40854596662329,Bachelor,6.2,0
1652,59.0,Engineering,32130.119375633934,27.0,1.2,,Master,1.4,0
1653,55.0,Sales,72470.23900594881,7.0,,46.837472775596815,Bachelor,,1
1654,39.0,Engineering,57277.82505631206,0.0,8.4,39.6014923442507,PhD,9.0,0
1655,51.0,Engineering,,21.0,8.1,34.26781279258349,PhD,8.5,1
1656,36.0,Engineering,82969.85616869203,5.0,3.6,58.18338631108855,High School,8.9,1
1657,48.0,Finance,73818.71527365518,20.0,8.5,,Bachelor,9.3,0
1658,55.0,Operations,51864.415178418065,31.0,5.9,37.45525688338607,Master,1.9,1
1659,59.0,Engineering,62173.01496986333,34.0,4.4,35.75829662106879,Bachelor,2.2,0
1660,54.0,Finance,,14.0,6.6,49.04929974749357,Bachelor,6.0,1
1661,45.0,Marketing,49375.67306097505,4.0,1.1,37.10355018829271,Master,9.0,0
1662,36.0,Sales,65142.22743603936,5.0,2.3,48.05214478832821,Bachelor,9.8,0
1663,51.0,Operations,,24.0,7.7,41.980161351014715,Master,1.4,0
1664,38.0,Sales,26862.725713669483,28.0,3.2,50.92950451547079,Master,4.2,0
1665,26.0,Operations,46677.78156408935,6.0,6.4,33.65968442013693,High School,2.9,0
1666,50.0,Sales,55396.78276968941,12.0,4.5,34.77549408723196,Bachelor,7.8,0
1667,25.0,Operations,82820.97746747884,,8.7,39.751957487759455,Bachelor,6.8,0
1668,31.0,Sales,52635.93825192952,1.0,,40.41546801980179,,2.1,1
1669,38.0,Sales,,7.0,9.0,39.163543770423914,Bachelor,5.4,0
1670,31.0,Sales,57475.37649056896,10.0,3.4,63.05152324341214,Master,7.2,0
1671,38.0,Sales,78396.07715805576,32.0,2.7,58.50597603481526,Bachelor,8.0,0
1672,41.0,Marketing,77356.44578195938,26.0,5.3,44.39244059856834,Bachelor,1.2,1
1673,45.0,Engineering,77642.62657859879,19.0,1.1,,Bachelor,9.0,1
1674,26.0,HR,33990.24705873971,11.0,1.2,40.10854255936335,Bachelor,6.1,0
1675,55.0,Finance,309503.5514414221,30.0,6.0,,Bachelor,8.3,0
1676,27.0,HR,71384.07900182922,26.0,5.7,40.543422075557984,Bachelor,8.3,0
1677,23.0,HR,65723.07843883996,31.0,,48.16894201169643,Bachelor,,0
1678,34.0,Operations,69548.94488732744,9.0,2.8,52.44501409254407,Bachelor,2.0,1
1679,32.0,Engineering,60875.26506428216,,3.3,49.96566736418164,,,0
1680,44.0,Operations,48828.23689910209,26.0,2.0,29.92180565476631,Master,2.4,1
1681,37.0,Engineering,34543.53922520622,34.0,9.3,39.686178574770295,Bachelor,8.6,0
1682,52.0,Engineering,,30.0,8.0,30.24905948107206,Bachelor,7.5,1
1683,32.0,Sales,100171.64810457588,14.0,8.4,51.35074845922175,Master,8.6,0
1684,37.0,Marketing,52715.23235863992,15.0,9.1,38.70092484159734,Bachelor,3.7,1
1685,29.0,Sales,30609.146608638843,12.0,5.7,41.62311907495174,Master,3.8,1
1686,25.0,Marketing,70989.74041093624,34.0,5.1,45.84040214404001,Bachelor,7.0,1
1687,25.0,Operations,72831.90013023966,10.0,4.0,64.12911935849519,High School,1.3,0
1688,46.0,Marketing,79309.8658522821,,6.3,44.14619951831621,PhD,7.5,0
1689,24.0,Operations,67064.67755560171,10.0,5.1,40.09383169754999,Bachelor,8.5,0
1690,53.0,HR,72684.02271700426,29.0,5.1,32.07166303037088,Master,4.7,0
1691,24.0,HR,87603.25702262987,34.0,9.4,53.669115588024844,Bachelor,7.9,0
1692,48.0,Marketing,48817.89761906827,,9.9,40.546908285623395,Master,2.6,0
1693,50.0,Marketing,45842.23941864424,30.0,8.2,,Master,3.9,0
1694,53.0,Operations,43581.20190670607,13.0,7.8,50.844904903589786,High School,,0
1695,40.0,Sales,56013.456202590256,23.0,7.1,38.29635117913222,Master,9.9,0
1696,42.0,Operations,81501.33629737752,,2.5,30.861790553152765,Bachelor,5.6,0
1697,26.0,Sales,67921.02551619352,31.0,1.5,44.18055293762885,Master,9.4,0
1698,39.0,HR,67330.37929063827,14.0,7.2,37.08077176982719,Bachelor,5.7,0
1699,49.0,Engineering,32710.381070029147,34.0,7.6,42.314766739650445,Master,3.6,0
1700,43.0,Marketing,,2.0,1.4,50.3923968548347,High School,3.4,0
1701,42.0,Sales,32465.135507069448,15.0,9.4,28.771343075001333,Bachelor,9.4,1
1702,27.0,Operations,77568.68683982315,,1.8,44.116910752545714,Master,2.6,1
1703,22.0,HR,83784.69739328598,20.0,3.6,96.57839556421449,Master,6.2,1
1704,26.0,Sales,71693.50090860573,9.0,7.1,48.464884494048505,High School,6.0,1
1705,33.0,Operations,45198.209313906824,18.0,2.5,31.091662630500615,Bachelor,7.7,0
1706,47.0,Marketing,82230.33740423687,24.0,1.5,45.35469175819171,Bachelor,5.5,0
1707,55.0,Marketing,56201.17634962185,3.0,4.0,51.62829265525354,Bachelor,3.5,0
1708,35.0,Finance,41783.11078871008,28.0,7.9,44.745870387200604,,2.5,0
1709,47.0,Engineering,45533.93618082462,,4.7,41.074446351131705,Master,,0
1710,48.0,Finance,53547.650466122446,1.0,6.9,51.11690352458755,Bachelor,7.5,0
1711,30.0,HR,60743.6778072706,9.0,6.2,,Master,6.1,0
1712,47.0,Sales,57579.836825223094,24.0,,29.761336734373838,Master,,0
1713,43.0,HR,38809.9737274346,19.0,9.9,40.395217480552546,Bachelor,2.3,1
1714,51.0,Operations,78199.74613778462,,1.4,46.28036153363199,Bachelor,8.9,0
1715,38.0,Marketing,57740.91120844735,22.0,9.7,50.31149409149147,Bachelor,6.2,0
1716,47.0,Finance,49293.69215594024,23.0,5.9,46.24402059334346,Bachelor,2.1,0
1717,57.0,Finance,76654.53542974146,,9.7,48.686568549798864,,5.2,0
1718,22.0,Finance,42248.90717600203,33.0,2.0,50.362491440831676,Bachelor,8.6,0
1719,29.0,HR,35566.64724638228,27.0,5.4,39.28498394961512,Master,9.1,1
1720,56.0,Marketing,,4.0,2.5,40.81648558473928,Bachelor,3.4,0
1721,36.0,Sales,88370.81774325509,4.0,1.5,52.297342345199006,Bachelor,7.4,0
1722,43.0,Operations,53068.55972022902,20.0,6.6,32.3187438061545,High School,1.9,0
1723,35.0,Sales,59310.44988124282,11.0,2.9,45.43306289217836,High School,1.3,0
1724,47.0,HR,42800.02928218645,3.0,6.3,,Bachelor,6.0,1
1725,49.0,Operations,60082.3882536509,19.0,2.0,50.80209282584776,Bachelor,7.3,0
1726,44.0,Finance,52864.421044032046,,4.0,41.856516155398886,Master,8.2,0
1727,35.0,Engineering,58468.07339947501,13.0,8.0,42.060751483024994,Master,4.1,1
1728,45.0,HR,66138.87581395864,10.0,4.9,55.83103909917349,Bachelor,1.1,1
1729,23.0,HR,,31.0,6.6,33.39165776441083,Bachelor,5.3,0
1730,47.0,Marketing,,10.0,6.8,43.72655578574882,Bachelor,1.1,0
1731,35.0,Sales,32943.278673327324,,8.6,40.55899095121743,Bachelor,1.8,0
1732,28.0,HR,54675.19073830068,26.0,3.9,46.25929052834425,Bachelor,,0
1733,24.0,HR,58598.488936245005,17.0,7.2,57.43464629351157,Bachelor,4.9,0
1734,44.0,Finance,63434.736375916174,22.0,9.7,,Bachelor,3.5,1
1735,39.0,Finance,,10.0,7.6,32.42081830116764,Bachelor,6.2,0
1736,59.0,Operations,73558.84126105285,20.0,5.4,35.52538059454395,,1.5,1
1737,56.0,Engineering,36905.0022109002,4.0,6.7,,Bachelor,2.3,0
1738,36.0,Marketing,37705.84455074559,22.0,7.7,42.513846669626616,,7.3,0
1739,46.0,Engineering,67934.36904588781,24.0,6.5,42.91623036629266,Bachelor,2.3,0
1740,58.0,Operations,29415.58084491876,9.0,1.2,56.42128760940347,Bachelor,6.8,1
1741,49.0,Finance,62749.503181574895,21.0,2.8,54.99871235723873,Bachelor,,1
1742,31.0,Sales,42295.60590615159,18.0,8.3,,Master,4.7,0
1743,38.0,Finance,83592.21961375771,,3.5,62.11550909293874,Master,2.6,0
1744,43.0,Marketing,,,7.6,48.59278765330105,Master,2.0,0
1745,47.0,Finance,56712.659704304075,3.0,4.3,50.86684066810112,High School,6.1,1
1746,46.0,Marketing,78415.81315708767,0.0,5.7,48.43816417515013,Bachelor,,1
1747,38.0,Marketing,,14.0,1.6,,Master,1.5,0
1748,34.0,Marketing,46898.85548868288,,2.6,45.15517219346273,High School,4.8,0
1749,41.0,Operations,41078.17749517337,,9.6,38.82514364067744,Bachelor,7.4,0
1750,46.0,Marketing,47024.411604765104,21.0,9.0,32.02577401729708,Master,5.2,0
1751,25.0,Marketing,60916.734140510816,16.0,6.9,40.9547682483031,Bachelor,8.3,0
1752,31.0,Sales,67409.27807990581,28.0,5.1,46.52618959737651,High School,2.6,0
1753,24.0,Engineering,74421.32528051313,13.0,7.1,101.59935640406286,High School,,1
1754,39.0,HR,32629.139296488913,19.0,6.6,33.477314447045956,Bachelor,4.5,0
1755,57.0,Engineering,57422.05520305062,32.0,6.1,40.67293560013297,Bachelor,4.1,1
1756,43.0,Marketing,43377.53203213797,14.0,1.5,,Master,8.9,0
1757,55.0,Sales,56920.69362767848,,6.7,41.50116286424976,Master,6.1,0
1758,29.0,Finance,95012.4537019056,19.0,7.9,45.927322791413275,Bachelor,,0
1759,40.0,Sales,64377.926430000225,29.0,9.9,47.65006429528242,Master,,0
1760,58.0,Marketing,73491.97456722369,2.0,1.1,37.99958839220358,,6.2,0
1761,27.0,Sales,89410.36908241571,27.0,7.6,49.84896950410011,Bachelor,2.5,0
1762,47.0,Sales,76910.37364762137,25.0,6.1,51.0531049573465,Master,7.1,0
1763,55.0,Marketing,,29.0,4.9,44.562415464388366,,2.2,0
1764,27.0,Operations,40862.51870145093,12.0,2.1,47.31800217562454,Master,8.3,0
1765,58.0,Sales,59547.835957187235,12.0,4.7,49.87385153969559,Master,9.9,0
1766,54.0,HR,51484.413236719716,1.0,4.2,33.218842803364225,Master,4.4,0
1767,43.0,HR,,1.0,3.7,50.437850679854364,Master,5.0,0
1768,42.0,Sales,63613.87495934203,25.0,7.6,35.67951301921637,Bachelor,,1
1769,27.0,Operations,63988.294470889996,,7.3,36.45838690697297,Master,1.1,0
1770,27.0,Finance,86536.7505039493,7.0,6.3,43.57031334251809,PhD,9.3,1
1771,25.0,Marketing,54573.55396744779,21.0,9.4,24.847678994602646,Master,2.2,0
1772,51.0,HR,64201.82083454174,19.0,4.1,43.40496246580608,,5.0,0
1773,32.0,Finance,50017.71877964677,7.0,3.2,49.85424757564642,Bachelor,8.3,0
1774,51.0,Sales,73097.54146040199,28.0,6.9,28.832609228431867,Bachelor,9.0,1
1775,52.0,Finance,58130.733057148056,25.0,2.8,50.71207459637161,Bachelor,5.7,1
1776,45.0,Engineering,42411.12586720886,29.0,3.8,,PhD,6.1,0
1777,30.0,HR,59797.92267502263,16.0,3.0,43.65489424394241,Bachelor,7.0,0
1778,24.0,Sales,65857.84346347502,19.0,1.6,37.571403943956305,Bachelor,9.7,0
1779,52.0,Marketing,63829.10081120345,15.0,8.4,46.583347873032366,PhD,6.4,0
1780,58.0,Operations,75688.45073243804,,3.3,50.199580449310105,Bachelor,6.0,0
1781,57.0,Sales,38279.154419389655,15.0,5.3,47.17608291505998,High School,,0
1782,45.0,Marketing,,,1.4,41.9681508040504,Bachelor,1.7,0
1783,52.0,Operations,,22.0,7.3,38.1931573072526,Master,6.2,1
1784,27.0,Operations,49120.96533058393,23.0,4.0,41.445583765031095,High School,9.4,0
1785,23.0,Sales,63607.0687399531,,7.7,47.24777171967713,PhD,8.8,0
1786,41.0,Finance,25000.0,34.0,4.7,47.52213119338335,Bachelor,9.8,0
1787,49.0,Finance,100739.19858469322,,2.8,46.40661265740898,Bachelor,5.8,0
1788,32.0,Operations,55954.22202663996,16.0,5.6,31.739379667543645,Bachelor,8.1,0
1789,25.0,Finance,77909.34389982416,30.0,2.2,41.81582033251672,Master,8.6,0
1790,36.0,Engineering,54946.532616247634,,5.0,,Bachelor,6.8,0
1791,27.0,Operations,66220.4779309633,,3.9,47.319432159246624,Bachelor,4.0,1
1792,51.0,Operations,82378.7946951791,30.0,9.2,35.880225972971225,Bachelor,5.2,1
1793,59.0,Marketing,77487.09028812578,29.0,1.5,,Master,8.7,0
1794,23.0,Finance,56933.17530472163,19.0,7.2,39.74249791348376,High School,3.7,0
1795,36.0,Operations,57971.18511909461,11.0,2.6,26.96723053387407,,9.3,0
1796,32.0,Engineering,75053.49840274928,,3.9,,Master,3.1,0
1797,29.0,Marketing,94998.6660642795,29.0,4.7,41.79770222508834,Bachelor,,0
1798,47.0,Sales,62884.240115985616,,9.2,52.20781836612554,High School,6.7,0
1799,26.0,Operations,89355.95460812462,18.0,3.2,28.6775273705789,Bachelor,7.7,0
1800,27.0,Engineering,56378.78384369691,10.0,1.8,39.667829512660035,Bachelor,4.9,1
1801,47.0,HR,74279.40545264703,33.0,3.9,40.26876463232108,Bachelor,9.4,0
1802,25.0,Engineering,76517.3364337093,6.0,1.9,44.16165032990649,Bachelor,6.7,1
1803,40.0,Engineering,53850.5924422084,33.0,2.2,31.398501566744006,Bachelor,3.6,0
1804,41.0,Marketing,48793.828810475374,19.0,6.2,46.35230285419023,Bachelor,6.7,0
1805,54.0,Sales,77180.8378282103,23.0,1.5,57.29329925024827,Bachelor,3.6,0
1806,41.0,HR,52026.645941354145,9.0,1.3,45.79629877172425,Bachelor,3.6,0
1807,33.0,Finance,46584.75130986896,31.0,7.4,42.7429792145881,Master,4.6,0
1808,22.0,Finance,,14.0,4.3,30.98034074379701,PhD,8.7,0
1809,47.0,Engineering,51965.799923618826,,,35.8060310915438,Master,,0
1810,35.0,Marketing,72849.25656938516,2.0,3.3,41.553240793417814,Bachelor,7.1,0
1811,59.0,Marketing,67725.64009914282,7.0,6.8,37.76178823325736,Bachelor,4.5,0
1812,58.0,Finance,70734.87367136836,,3.5,50.21005141016788,Bachelor,3.4,1
1813,32.0,HR,66320.69716647123,10.0,5.5,46.269625607749106,Bachelor,9.6,0
1814,57.0,Sales,51092.39756630042,7.0,2.1,63.539028701175766,Bachelor,6.4,0
1815,34.0,HR,70456.54283862408,28.0,6.3,34.153132508605665,Master,,0
1816,24.0,Operations,77736.80739907955,29.0,3.8,42.264916891133865,Bachelor,2.8,0
1817,54.0,Operations,,,6.6,30.932061019725673,Bachelor,2.3,0
1818,27.0,Sales,66744.83859938776,27.0,8.3,24.220473803277404,PhD,8.7,0
1819,31.0,Finance,48494.18240143985,12.0,6.5,47.781767835625224,Bachelor,7.1,0
1820,26.0,Sales,63177.25618461717,31.0,3.7,45.97292306373885,Bachelor,2.7,0
1821,44.0,Marketing,47696.380058269475,,3.3,35.163276522833684,High School,3.4,1
1822,31.0,Operations,,,3.9,42.744236956747386,Bachelor,8.2,0
1823,23.0,Engineering,,3.0,2.5,,Master,5.1,0
1824,34.0,Engineering,35511.6239551186,30.0,2.6,38.04634036125379,Bachelor,7.0,0
1825,23.0,Finance,57134.28465079455,17.0,8.1,39.43772309786981,Bachelor,3.9,0
1826,41.0,Marketing,51773.40492259515,23.0,4.5,34.82747858076578,Master,4.4,1
1827,22.0,HR,61601.8079021126,22.0,4.9,36.26680072144035,Master,9.9,0
1828,58.0,Marketing,57978.471313273214,21.0,6.3,36.49251644844597,PhD,3.2,0
1829,30.0,Engineering,60452.861808152324,1.0,6.3,45.38303077402664,Master,5.6,0
1830,38.0,Engineering,69129.1116353511,,1.6,20.0,,8.6,0
1831,30.0,Operations,53050.96566508751,,8.5,40.178965908121576,Bachelor,3.2,0
1832,32.0,Marketing,56708.342825327054,,2.6,33.29854498769861,High School,4.7,0
1833,36.0,Marketing,81825.31834144746,31.0,7.5,33.58757851019776,High School,6.5,0
1834,89.01164985632235,Engineering,60046.2619023754,4.0,8.0,37.7947730073302,Master,5.3,0
1835,59.0,HR,57311.842880619166,9.0,7.4,41.885282320214735,Master,,0
1836,56.0,Finance,,,6.2,,,4.3,0
1837,51.0,Finance,57579.53440485704,,1.1,33.48751592161437,High School,,0
1838,52.0,Marketing,49356.41560570163,22.0,4.2,47.773572147564614,Bachelor,6.6,1
1839,26.0,Finance,45029.55244230419,16.0,6.4,34.77916810511608,PhD,6.9,0
1840,35.0,Engineering,,0.0,,36.12234995259106,Bachelor,1.6,0
1841,32.0,Engineering,73093.7878015618,30.0,8.8,44.27593428715613,Master,6.7,0
1842,30.0,Marketing,50551.42117922381,,3.8,44.56294851434193,Master,9.6,0
1843,55.0,Marketing,57676.13097245585,,,37.10640271093617,PhD,5.9,0
1844,33.0,Operations,70511.04427699346,8.0,3.4,20.0,Master,7.4,1
1845,56.0,Marketing,55824.132437835324,21.0,4.0,,Master,6.0,0
1846,56.0,HR,69500.41972265478,12.0,6.0,43.29510548992205,Bachelor,8.7,0
1847,22.0,Finance,36888.104363537,24.0,7.4,,,9.4,0
1848,43.0,Marketing,,17.0,7.0,41.36562673977242,Bachelor,2.7,0
1849,50.0,Sales,61183.44144897763,11.0,8.3,38.16811162339508,Bachelor,4.9,0
1850,29.0,Operations,60347.08084647252,16.0,9.0,60.34568804559459,PhD,4.5,1
1851,32.0,Sales,35206.21953241674,14.0,8.3,39.020111027957164,,4.6,0
1852,58.0,Engineering,78046.68969646207,,,46.89786149432884,Master,2.1,0
1853,35.0,Finance,47179.90582542875,,7.6,31.319583236584833,Bachelor,8.3,0
1854,51.0,Marketing,,12.0,2.9,33.27865720632826,Bachelor,1.3,0
1855,56.0,Sales,60119.46423970996,,2.2,47.178604891697795,PhD,5.8,1
1856,42.0,Finance,75055.64285716016,31.0,6.7,50.35649020628297,Bachelor,7.0,0
1857,58.0,Engineering,92812.3324406131,,3.9,38.882264878452766,Bachelor,2.9,0
1858,26.0,HR,391063.6820123857,19.0,1.5,27.210914466955835,Bachelor,9.2,0
1859,40.0,Operations,50266.29178091252,25.0,2.2,40.659541284790194,Master,8.5,1
1860,35.0,Finance,62836.38740758578,26.0,1.0,43.515247206236495,Bachelor,5.2,1
1861,47.0,Finance,43419.70023670813,,9.1,,Bachelor,4.7,0
1862,25.0,HR,71732.7391193364,17.0,1.2,37.49288268031196,Bachelor,3.1,0
1863,46.0,Finance,72650.58933235588,12.0,2.9,40.776927045912494,Master,7.6,0
1864,46.0,Engineering,68391.73613992556,,4.7,36.001785245727156,Master,2.2,0
1865,39.0,Engineering,63548.72626314296,8.0,4.2,33.10529421010512,Bachelor,7.1,0
1866,29.0,HR,80545.63166954671,,9.2,48.04534816517444,Bachelor,8.6,0
1867,35.0,Operations,42665.61777496707,,1.4,42.78238650722169,Master,3.1,0
1868,53.0,Marketing,60979.0229301383,6.0,5.6,40.79453153102136,Bachelor,8.8,0
1869,59.0,Sales,48917.956969046674,34.0,7.1,37.942818057822706,Bachelor,1.3,1
1870,54.0,Marketing,73348.74498847753,17.0,9.4,40.55861154771936,Bachelor,9.2,0
1871,44.0,Finance,,15.0,6.6,43.28253143029597,Master,2.1,0
1872,36.0,Sales,59578.7420161053,3.0,8.2,55.82945260651445,Bachelor,6.8,0
1873,54.0,HR,65028.580306049225,24.0,1.8,47.23629479861715,Bachelor,3.3,0
1874,46.0,HR,45787.61797539338,31.0,,36.66952702440731,Master,8.5,0
1875,38.0,Operations,,12.0,4.4,36.75389005835447,Master,5.6,1
1876,54.0,Sales,60230.68472058159,16.0,9.0,35.50655119740323,Bachelor,2.2,0
1877,23.0,Engineering,74326.44569162214,5.0,2.4,40.39583574997621,Bachelor,6.1,1
1878,35.0,Sales,44506.961571194195,18.0,2.4,35.50038839807292,Master,4.7,0
1879,27.0,Finance,47123.250894379715,12.0,4.0,45.798589959917,PhD,7.0,0
1880,27.0,Engineering,76883.81656560516,25.0,1.5,20.851869953615576,Master,8.9,0
1881,24.0,HR,,,2.6,46.28134647419795,Bachelor,,0
1882,28.0,Sales,,30.0,9.7,44.203019902443444,Bachelor,3.6,0
1883,29.0,Marketing,70930.27195825374,3.0,4.9,52.101939865181116,Master,1.1,1
1884,36.0,Operations,52677.0450415163,7.0,6.7,49.01431643643163,Master,6.2,1
1885,80.47950894753063,Marketing,,24.0,7.5,36.53041771796757,Bachelor,4.6,1
1886,54.0,Operations,50044.19434530432,12.0,4.3,48.11438464750806,Bachelor,4.4,0
1887,51.0,Finance,,,2.3,40.655460182285594,Master,2.6,1
1888,48.0,Marketing,74174.57498083098,,2.9,26.525545940445838,Bachelor,4.9,0
1889,57.0,Sales,56606.08693239373,29.0,3.8,43.27065551783114,Bachelor,9.9,0
1890,50.0,Sales,71340.7998311797,2.0,6.7,37.00597263543444,Bachelor,,0
1891,59.0,Marketing,59016.78589828493,27.0,4.6,42.001772131176,Bachelor,6.4,0
1892,54.0,Sales,89725.37709600043,2.0,1.1,55.21159864220195,Bachelor,8.0,0
1893,58.0,Finance,83531.67906154273,,5.7,43.798295221857266,Master,7.7,0
1894,48.0,Engineering,40078.55606349378,15.0,9.3,33.86132119048003,Bachelor,4.0,0
1895,54.0,Finance,67833.65521872015,21.0,8.3,49.715320044929626,Bachelor,6.5,1
1896,25.0,Operations,377590.4337309784,31.0,8.4,44.90034056109151,Bachelor,8.8,0
1897,43.0,Finance,62872.60408189096,,8.2,32.918705367744735,,,0
1898,23.0,Operations,,7.0,3.9,29.150097860202752,Bachelor,4.9,1
1899,31.0,Sales,44169.19474361269,5.0,7.9,34.181299526250235,Bachelor,3.0,1
1900,26.0,Engineering,75877.26815295487,13.0,2.3,48.69041440537378,Master,4.5,0
1901,31.0,Sales,63049.544153536124,31.0,6.9,39.58718293085563,High School,,1
1902,54.0,HR,55729.754464911246,34.0,6.8,42.64914015164329,High School,7.7,1
1903,59.0,Sales,53428.35263634608,9.0,1.2,31.29176263379065,High School,,1
1904,34.0,Operations,62096.65454649353,2.0,8.1,,Bachelor,5.6,1
1905,52.0,Sales,66118.87526271428,11.0,9.1,25.878530685138102,Master,6.1,0
1906,57.0,Sales,58125.36320462601,30.0,3.4,36.75697987145852,High School,5.4,0
1907,45.0,Engineering,25000.0,28.0,8.3,,PhD,7.6,0
1908,36.0,Sales,60253.360743637255,,1.7,33.01894843968524,Bachelor,4.5,0
1909,50.0,Engineering,38377.76907585334,24.0,6.4,46.91303423560355,Master,9.5,0
1910,29.0,Marketing,56858.211515263865,,5.4,35.04644817158718,Bachelor,5.3,0
1911,26.0,HR,361088.84530969633,20.0,5.9,32.19143525746954,Master,,0
1912,50.0,Engineering,38752.53547380799,19.0,9.3,52.29185651715579,Bachelor,8.4,0
1913,25.0,Operations,78526.82732922792,21.0,8.8,43.23144154479204,Bachelor,,0
1914,33.0,Marketing,55198.62028583414,3.0,8.1,46.15228862439701,Master,1.7,1
1915,23.0,Engineering,54050.06760267123,12.0,3.5,,Master,7.4,0
1916,48.0,Engineering,67237.86073242888,,9.2,21.04560840399256,Bachelor,5.3,0
1917,52.0,HR,,12.0,1.9,47.07826111976255,Bachelor,9.1,0
1918,57.0,Operations,91557.09138191114,16.0,8.7,35.911798524045224,Bachelor,9.8,0
1919,57.0,Finance,,,4.0,,Master,4.6,1
1920,47.0,Finance,65476.881179745156,,1.5,45.49952862132469,Bachelor,4.7,0
1921,48.0,Engineering,74564.11997065292,14.0,7.0,,Bachelor,4.7,0
1922,26.0,Sales,84033.79838410365,12.0,3.1,46.75616860365216,Master,,0
1923,41.0,Operations,48869.9079651354,16.0,3.2,41.673256259871344,Master,8.0,0
1924,32.0,Marketing,53730.54744242033,,3.8,43.34567211747245,Master,7.8,0
1925,31.0,Sales,79118.87812940273,7.0,,38.078227263877686,Master,5.3,0
1926,59.0,Sales,72150.93456079037,26.0,2.6,33.480533686734894,Master,1.4,0
1927,27.0,Operations,76127.63903502688,22.0,1.0,36.07745943401996,Bachelor,3.8,1
1928,29.0,Engineering,39469.43184660497,,5.0,41.177406956160446,Bachelor,3.6,0
1929,44.0,Engineering,83219.99630886028,7.0,1.8,56.697907142196314,Master,,0
1930,47.0,Engineering,48578.886850727926,,7.1,53.775251192908335,Bachelor,1.8,0
1931,33.0,Engineering,62884.39467212844,12.0,3.1,36.773632177124846,PhD,8.3,0
1932,47.0,Finance,57776.656836123446,27.0,9.5,100.14788187689922,High School,7.0,0
1933,34.0,Engineering,46822.75745177895,24.0,8.8,39.69821620843162,High School,7.6,0
1934,39.0,Finance,38811.96354868496,,3.6,43.042132950952194,PhD,4.9,1
1935,46.0,Finance,33842.27825050653,1.0,8.0,44.071301980342206,Master,7.1,0
1936,54.0,Engineering,61785.276090809624,17.0,8.2,46.22012012604481,Bachelor,6.5,1
1937,33.0,HR,37120.21364649816,16.0,9.9,20.0,Master,7.9,0
1938,57.0,Marketing,42992.76607369675,,6.4,44.93198932709552,Master,5.0,1
1939,86.26050709403162,Sales,56729.4618270267,12.0,,38.80863176626682,Bachelor,,0
1940,26.0,Finance,25000.0,,6.8,36.36049668614717,High School,6.8,0
1941,58.0,Operations,71684.69568066002,28.0,6.6,48.35405342529656,Master,2.0,0
1942,29.0,Operations,25000.0,29.0,6.7,53.73459533123815,Master,,1
1943,49.0,Marketing,58839.41413000841,17.0,3.8,47.512025152331255,Bachelor,9.7,1
1944,52.0,Operations,60225.28839891434,12.0,8.7,37.851587142311246,Master,1.3,0
1945,30.0,HR,68070.92580272713,,9.6,33.39195479888872,Master,3.8,0
1946,50.0,Operations,59374.7879641516,29.0,3.0,20.0,Bachelor,3.8,0
1947,35.0,Sales,90268.61945749857,20.0,1.8,43.460127972650845,Master,6.7,0
1948,91.07883467709274,Sales,63244.753223527514,16.0,2.8,46.63212886235549,Bachelor,2.0,0
1949,32.0,Finance,75804.1859886549,18.0,8.4,41.18509191921576,Bachelor,6.7,1
1950,44.0,Engineering,49148.05786694568,14.0,7.1,49.46996967070394,Master,,0
1951,22.0,HR,61811.35209284202,8.0,6.7,31.43847811334006,Master,1.9,0
1952,58.0,Finance,83213.55142543389,9.0,4.6,40.630088348359614,Master,7.6,0
1953,42.0,HR,56434.573129655386,30.0,6.2,39.99759232329688,,3.9,0
1954,47.0,Engineering,62883.52146292847,22.0,3.8,41.11913052595147,Bachelor,9.8,0
1955,57.0,Operations,,29.0,5.3,51.34345330363126,High School,1.3,0
1956,44.0,Operations,48866.55719712548,32.0,8.1,41.1612622072099,Bachelor,5.0,0
1957,22.0,Engineering,27576.5950002121,8.0,9.8,39.64166039381976,High School,2.0,1
1958,36.0,Finance,,,,34.50645216151575,Bachelor,4.2,0
1959,42.0,Engineering,,34.0,9.4,52.62863577137168,Bachelor,10.0,0
1960,30.0,Marketing,39728.31352662043,10.0,4.6,30.55043021937098,Master,9.0,0
1961,30.0,Sales,,33.0,5.2,37.5760045372207,Bachelor,1.4,1
1962,31.0,Finance,70154.49581009307,,7.4,,Bachelor,6.1,1
1963,47.0,HR,,8.0,9.3,45.74594638457228,Bachelor,,0
1964,56.0,Marketing,45955.67051389842,,,41.83858678638984,High School,2.9,0
1965,46.0,Finance,54062.56828902507,14.0,3.7,42.17353644421027,High School,2.3,1
1966,47.0,Engineering,57305.639996471444,11.0,2.3,34.42897610113746,Bachelor,9.1,0
1967,32.0,Engineering,48852.98602848024,,6.5,41.4517820411398,Master,9.7,0
1968,59.0,Engineering,48044.95794626727,13.0,3.8,,Bachelor,9.9,1
1969,23.0,Engineering,85072.24336773138,7.0,3.9,43.43702879564003,Master,8.1,1
1970,28.0,HR,58386.61302211638,7.0,1.6,29.95006891498953,PhD,7.0,0
1971,39.0,Marketing,49574.3450977539,26.0,4.1,45.18281606215456,Master,4.1,0
1972,48.0,Operations,59382.45784631175,11.0,8.8,50.13303739909047,Bachelor,,0
1973,55.0,Sales,68056.36249591716,0.0,3.1,40.36941499903541,PhD,1.7,0
1974,48.0,HR,60774.39565066812,10.0,7.3,47.17678714644646,High School,7.2,1
1975,38.0,HR,56914.0861375804,,6.7,44.48277019875662,,8.1,1
1976,45.0,Operations,50249.7499699432,16.0,8.8,37.13807887867155,Master,8.4,1
1977,46.0,Operations,50068.03731798602,32.0,2.2,33.53179450834308,Master,,0
1978,28.0,Sales,51032.874202719606,31.0,9.8,34.65289209023473,Bachelor,8.9,0
1979,27.0,Sales,65082.219012161055,28.0,6.2,44.34314055323772,Bachelor,10.0,0
1980,45.0,Operations,45087.298613973195,20.0,10.0,41.55083894411836,Bachelor,3.2,0
1981,54.0,Engineering,,20.0,9.2,52.200744175053586,Bachelor,7.9,1
1982,50.0,HR,81194.92133440245,22.0,3.0,48.32696089763115,Bachelor,6.3,0
1983,43.0,Finance,64885.610367197994,5.0,1.5,48.31027986501841,PhD,3.4,0
1984,47.0,Sales,54456.21706624294,21.0,3.3,44.10464641369778,PhD,9.8,0
1985,49.0,Sales,40528.09672418055,7.0,5.7,,Master,9.1,1
1986,42.0,Operations,83671.60211867272,34.0,2.5,44.60271436779993,Bachelor,2.2,1
1987,28.0,Marketing,42449.735241016315,10.0,2.5,42.510825320225784,Master,,1
1988,38.0,Finance,72728.43051713622,23.0,5.2,32.89294889155401,PhD,7.2,0
1989,41.0,Finance,69577.76790891727,20.0,1.3,51.6795940684697,Master,6.4,0
1990,41.0,Sales,56448.4709555391,,2.1,50.81831499943321,Bachelor,9.4,0
1991,43.0,Engineering,,18.0,4.7,32.84680684466352,Bachelor,3.1,0
1992,49.0,Marketing,32464.33088938469,27.0,1.6,36.89764075906777,High School,1.8,0
1993,28.0,Finance,64950.97501218932,16.0,4.6,37.60039824447619,Bachelor,,0
1994,22.0,Sales,69298.89498593708,,5.3,46.87881235039692,Master,,0
1995,53.0,Finance,43663.79825778293,18.0,5.1,45.95780144363197,Master,1.3,0
1996,34.0,Marketing,57662.67788506346,27.0,8.8,42.35525770229085,Bachelor,9.2,0
1997,51.0,Marketing,60567.928725134254,,5.8,,Bachelor,4.2,0
1998,44.0,HR,68768.58941924352,,5.2,31.698942428435732,Bachelor,4.7,0
1999,40.0,Operations,60057.04614184781,21.0,4.7,45.050890250867624,Bachelor,1.2,0
2000,53.0,Operations,35605.20969057624,,8.4,41.192916995631435,Bachelor,3.4,0
